"";"APR10";"APR11";"APR12";"APR13";"APR14";"APR15";"APR18";"APR9";"AUG1";"AUG10";"AUG15";"AUG16";"AUG17";"AUG18";"AUG19";"AUG20";"AUG4";"AUG5";"AUG6";"AUG7";"AUG8";"AUG9";"DEC1";"DEC10";"DEC11";"DEC12";"DEC13";"DEC14";"DEC15";"DEC16";"DEC17";"DEC18";"DEC19";"DEC2";"DEC20";"DEC3";"DEC4";"DEC6";"DEC7";"DEC8";"DEC9";"FEB10";"FEB11";"FEB12";"FEB13";"FEB15";"FEB16";"FEB18";"FEB19";"FEB2";"FEB20";"FEB3";"FEB4";"FEB5";"FEB6";"FEB7";"FEB8";"FEB9";"JAN1";"JAN10";"JAN11";"JAN17";"JAN2";"JAN20";"JAN3";"JAN4";"JAN5";"JAN7";"JAN9";"JUL1";"JUL10";"JUL11";"JUL18";"JUL19";"JUL2";"JUL3";"JUL7";"JUL8";"JUL9";"JUN17";"JUN18";"JUN19";"JUN2";"JUN6";"MAR11";"MAR12";"MAR13";"MAR15";"MAR18";"MAR19";"MAR2";"MAR3";"MAR4";"MAR9";"MAY13";"MAY16";"MAY18";"MAY19";"MAY2";"MAY20";"NOV1";"NOV10";"NOV11";"NOV12";"NOV13";"NOV15";"NOV16";"NOV17";"NOV18";"NOV19";"NOV2";"NOV20";"NOV3";"NOV4";"NOV5";"NOV6";"NOV7";"NOV8";"NOV9";"OCT1";"OCT10";"OCT11";"OCT12";"OCT13";"OCT14";"OCT15";"OCT16";"OCT17";"OCT18";"OCT19";"OCT2";"OCT20";"OCT3";"OCT4";"OCT5";"OCT6";"OCT7";"OCT8";"SEP10";"SEP11";"SEP12";"SEP16";"SEP17";"SEP18";"SEP19";"SEP20";"SEP3";"SEP5";"SEP6";"SEP7";"SEP8";"SEP9";"total";"kingdom";"phylum";"class";"order";"family";"genus"
"Pleosporales sp.";"0";"0";"0";"0";"0";"0";"0";"0";"0";"0";"0";"0";"0";"0";"0";"0";"0";"0";"0";"0";"0";"0";"0";"0";"0";"0";"0";"0";"0";"0";"0";"0";"0";"0";"0";"0";"0";"0";"0";"0";"0";"0";"0";"0";"0";"0";"0";"0";"0";"0";"0";"0";"0";"0";"0";"0";"0";"0";"0";"0";"0";"0";"0";"0";"0";"0";"0";"0";"0";"0";"0";"0";"0";"0";"0";"0";"0";"0";"0";"0";"0";"0";"0";"0";"0";"0";"0";"0";"0";"0";"0";"0";"0";"0";"0";"0";"0";"0";"0";"0";"0";"0";"0";"0";"0";"0";"0";"0";"0";"0";"0";"0";"0";"0";"0";"0";"0";"0";"0";"0";"0";"0";"0";"0";"0";"0";"0";"0";"0";"0";"0";"0";"0";"0";"0";"0";"0";"0";"0";"0";"0";"0";"0";"0";"0";"0";"0";"938";"0";"0";"0";"0";"938";"Fungi";"Ascomycota";"Dothideomycetes";"Pleosporales";"NOID";"NOCLASS"
"Pichia terricola";"0";"0";"0";"0";"0";"0";"0";"0";"0";"0";"0";"0";"0";"0";"0";"0";"0";"0";"0";"0";"0";"0";"0";"0";"0";"0";"0";"0";"0";"0";"0";"0";"0";"0";"0";"0";"0";"0";"0";"0";"0";"0";"0";"0";"0";"0";"0";"0";"0";"0";"0";"0";"0";"0";"0";"0";"0";"0";"0";"0";"0";"0";"0";"0";"0";"0";"0";"0";"0";"0";"0";"0";"0";"0";"0";"0";"0";"0";"0";"0";"0";"0";"0";"0";"0";"0";"0";"0";"0";"0";"0";"0";"0";"0";"0";"0";"0";"0";"0";"0";"0";"0";"0";"0";"0";"0";"0";"0";"0";"0";"0";"0";"0";"0";"0";"0";"0";"0";"0";"0";"0";"0";"0";"0";"0";"0";"0";"0";"0";"0";"0";"0";"0";"0";"0";"0";"0";"0";"0";"922";"0";"0";"0";"0";"0";"0";"0";"0";"0";"0";"0";"0";"922";"Fungi";"Ascomycota";"Saccharomycetes";"Saccharomycetales";"Pichiaceae";"Pichia"
"Penicillium canescens";"0";"0";"0";"0";"0";"0";"0";"0";"0";"0";"0";"0";"0";"0";"0";"0";"0";"0";"0";"0";"0";"0";"0";"0";"0";"0";"0";"0";"0";"0";"0";"0";"0";"0";"0";"0";"0";"0";"0";"0";"0";"0";"0";"0";"0";"0";"0";"0";"0";"0";"0";"0";"0";"0";"0";"0";"0";"0";"0";"0";"0";"0";"0";"0";"0";"0";"0";"0";"0";"0";"0";"0";"0";"0";"0";"0";"0";"0";"0";"0";"0";"0";"0";"0";"0";"0";"0";"0";"0";"0";"0";"0";"917";"0";"0";"0";"0";"0";"0";"0";"0";"0";"0";"0";"0";"0";"0";"0";"0";"0";"0";"0";"0";"0";"0";"0";"0";"0";"0";"0";"0";"0";"0";"0";"0";"0";"0";"0";"0";"0";"0";"0";"0";"0";"0";"0";"0";"0";"0";"0";"0";"0";"0";"0";"0";"0";"0";"0";"0";"0";"0";"0";"917";"Fungi";"Ascomycota";"Eurotiomycetes";"Eurotiales";"Aspergillaceae";"Penicillium"
"Panaeolus rickenii";"0";"0";"0";"0";"0";"0";"0";"0";"0";"0";"0";"0";"0";"0";"0";"0";"0";"0";"0";"0";"0";"0";"0";"0";"0";"0";"0";"0";"0";"0";"0";"0";"0";"0";"0";"0";"0";"0";"0";"0";"0";"0";"0";"0";"0";"0";"0";"0";"0";"0";"0";"0";"0";"0";"0";"0";"0";"0";"0";"0";"0";"0";"0";"0";"0";"0";"0";"0";"0";"0";"0";"0";"0";"0";"0";"0";"0";"0";"0";"0";"0";"0";"0";"0";"0";"0";"0";"0";"0";"0";"0";"0";"0";"0";"0";"0";"0";"0";"0";"0";"0";"0";"0";"0";"0";"0";"0";"0";"9";"0";"0";"0";"0";"0";"0";"0";"0";"0";"0";"0";"0";"0";"0";"0";"0";"0";"0";"0";"0";"0";"0";"0";"0";"0";"0";"0";"0";"0";"0";"0";"0";"0";"0";"0";"0";"0";"0";"0";"0";"0";"0";"0";"9";"Fungi";"Basidiomycota";"Agaricomycetes";"Agaricales";"Bolbitiaceae";"Panaeolus"
"Podospora intestinacea";"0";"0";"0";"0";"0";"0";"0";"0";"0";"0";"0";"0";"0";"0";"0";"0";"0";"0";"7";"0";"0";"0";"0";"0";"0";"0";"0";"0";"0";"0";"0";"0";"0";"0";"0";"0";"0";"0";"0";"0";"0";"0";"0";"0";"0";"0";"0";"0";"0";"0";"0";"0";"2";"0";"0";"0";"0";"0";"0";"0";"0";"0";"0";"0";"0";"0";"0";"0";"0";"0";"0";"0";"0";"0";"0";"0";"0";"0";"0";"0";"0";"0";"0";"0";"0";"0";"0";"0";"0";"0";"0";"0";"0";"0";"0";"0";"0";"0";"0";"0";"0";"0";"0";"0";"0";"0";"0";"0";"0";"0";"0";"0";"0";"0";"0";"0";"0";"0";"0";"0";"0";"0";"0";"0";"0";"0";"0";"0";"0";"0";"0";"0";"0";"0";"0";"0";"0";"0";"0";"0";"0";"0";"0";"0";"0";"0";"0";"0";"0";"0";"0";"0";"9";"Fungi";"Ascomycota";"Sordariomycetes";"Sordariales";"Chaetomiaceae";"Podospora"
"Podospora tetraspora";"0";"0";"0";"0";"0";"0";"0";"0";"0";"0";"0";"0";"0";"0";"0";"0";"0";"0";"0";"0";"0";"3";"0";"0";"0";"0";"0";"0";"0";"0";"57";"40";"0";"0";"24";"0";"0";"0";"0";"0";"0";"34";"0";"0";"0";"0";"0";"0";"626";"0";"0";"0";"60";"0";"551";"0";"0";"0";"0";"0";"0";"1808";"0";"3135";"0";"0";"0";"0";"235";"0";"0";"0";"0";"0";"0";"0";"0";"0";"0";"0";"0";"0";"0";"0";"0";"0";"0";"0";"0";"0";"106";"0";"0";"0";"0";"0";"0";"0";"0";"0";"0";"333";"0";"0";"0";"0";"24";"114";"0";"0";"0";"0";"0";"0";"0";"311";"0";"0";"0";"0";"0";"0";"0";"0";"0";"0";"0";"0";"0";"0";"0";"0";"0";"0";"0";"0";"515";"51";"0";"0";"0";"0";"0";"0";"0";"0";"0";"0";"0";"0";"0";"0";"8027";"Fungi";"Ascomycota";"Sordariomycetes";"Sordariales";"Chaetomiaceae";"Podospora"
"Epicoccum nigrum";"0";"0";"0";"0";"0";"0";"0";"0";"0";"0";"0";"0";"0";"0";"0";"0";"0";"0";"0";"0";"0";"8";"0";"0";"0";"0";"0";"0";"0";"0";"0";"0";"0";"0";"0";"0";"0";"0";"0";"0";"0";"0";"0";"0";"0";"0";"0";"0";"0";"0";"0";"0";"0";"0";"0";"0";"0";"0";"0";"0";"0";"0";"0";"0";"0";"0";"0";"0";"0";"0";"0";"0";"0";"0";"0";"0";"0";"0";"0";"0";"0";"0";"0";"0";"0";"0";"0";"0";"0";"0";"0";"0";"0";"0";"0";"0";"0";"0";"0";"0";"0";"0";"0";"0";"0";"0";"0";"0";"0";"0";"0";"0";"0";"0";"0";"0";"0";"0";"0";"0";"0";"0";"0";"0";"0";"0";"0";"0";"0";"0";"0";"0";"0";"0";"0";"0";"0";"0";"0";"0";"0";"0";"0";"0";"0";"0";"0";"0";"0";"0";"0";"0";"8";"Fungi";"Ascomycota";"Dothideomycetes";"Pleosporales";"Didymellaceae";"Epicoccum"
"Psilocybe pelliculosa";"0";"0";"0";"0";"0";"0";"0";"0";"0";"0";"0";"0";"0";"0";"0";"0";"0";"0";"0";"0";"0";"0";"0";"0";"0";"0";"0";"0";"0";"0";"0";"0";"0";"0";"0";"0";"0";"0";"0";"0";"0";"0";"0";"0";"0";"0";"0";"0";"0";"0";"0";"0";"0";"0";"0";"0";"0";"0";"0";"0";"0";"0";"0";"0";"0";"0";"0";"0";"0";"0";"0";"0";"0";"0";"0";"0";"0";"0";"0";"0";"0";"0";"0";"0";"0";"0";"0";"0";"0";"0";"0";"0";"0";"0";"0";"0";"0";"0";"0";"0";"0";"0";"0";"0";"0";"0";"0";"0";"8";"0";"0";"0";"0";"0";"0";"0";"0";"0";"0";"0";"0";"0";"0";"0";"0";"0";"0";"0";"0";"0";"0";"0";"0";"0";"0";"0";"0";"0";"0";"0";"0";"0";"0";"0";"0";"0";"0";"0";"0";"0";"0";"0";"8";"Fungi";"Basidiomycota";"Agaricomycetes";"Agaricales";"Strophariaceae";"Psilocybe"
"Hydnotrya tulasnei";"0";"0";"0";"0";"0";"0";"0";"0";"0";"0";"0";"0";"0";"0";"0";"0";"0";"0";"0";"0";"0";"0";"0";"0";"0";"0";"0";"0";"0";"0";"0";"0";"0";"0";"0";"0";"0";"0";"0";"0";"0";"0";"0";"0";"0";"0";"0";"0";"0";"0";"0";"0";"0";"0";"0";"0";"0";"0";"0";"0";"0";"0";"0";"0";"0";"0";"0";"0";"0";"0";"0";"0";"0";"0";"0";"0";"0";"0";"0";"0";"0";"0";"0";"0";"0";"0";"0";"0";"0";"0";"0";"0";"0";"0";"0";"0";"0";"0";"0";"0";"0";"0";"0";"0";"0";"0";"0";"0";"0";"0";"0";"0";"0";"0";"0";"0";"0";"0";"0";"0";"0";"0";"0";"0";"0";"0";"0";"0";"0";"0";"0";"0";"0";"0";"0";"0";"0";"0";"0";"77";"0";"0";"0";"0";"0";"0";"0";"0";"0";"0";"0";"0";"77";"Fungi";"Ascomycota";"Pezizomycetes";"Pezizales";"Discinaceae";"Hydnotrya"
"Panaeolus desertorum";"0";"0";"0";"0";"0";"0";"0";"0";"0";"0";"0";"0";"0";"0";"0";"0";"0";"0";"0";"0";"0";"0";"0";"0";"0";"0";"0";"0";"0";"0";"0";"0";"0";"0";"0";"0";"0";"0";"0";"0";"0";"0";"0";"0";"0";"0";"0";"0";"0";"0";"0";"0";"0";"0";"0";"0";"0";"0";"0";"0";"0";"0";"0";"0";"7481";"0";"0";"0";"0";"0";"0";"0";"0";"0";"0";"0";"0";"0";"0";"0";"0";"0";"0";"0";"0";"0";"0";"0";"0";"0";"0";"0";"0";"0";"0";"0";"0";"0";"0";"0";"0";"0";"0";"0";"0";"0";"0";"0";"0";"0";"0";"0";"0";"0";"0";"0";"0";"0";"0";"0";"0";"0";"0";"0";"0";"0";"0";"0";"0";"0";"0";"0";"0";"0";"0";"0";"0";"0";"0";"0";"0";"0";"0";"0";"0";"0";"0";"0";"0";"0";"0";"0";"7481";"Fungi";"Basidiomycota";"Agaricomycetes";"Agaricales";"Bolbitiaceae";"Panaeolus"
"Apodus deciduus";"0";"0";"0";"0";"0";"0";"0";"0";"0";"0";"0";"0";"0";"0";"0";"0";"0";"0";"0";"0";"0";"0";"0";"0";"0";"0";"0";"0";"0";"0";"0";"0";"0";"0";"7";"0";"0";"0";"0";"0";"0";"0";"0";"0";"0";"0";"0";"0";"0";"0";"0";"0";"0";"0";"0";"0";"0";"0";"0";"0";"0";"0";"0";"0";"0";"0";"0";"0";"0";"0";"0";"0";"0";"0";"0";"0";"0";"0";"0";"0";"0";"0";"0";"0";"0";"0";"0";"0";"0";"0";"0";"0";"0";"0";"0";"0";"0";"0";"0";"0";"0";"0";"0";"0";"0";"0";"0";"0";"0";"0";"0";"0";"0";"0";"0";"0";"0";"0";"0";"0";"0";"0";"0";"0";"0";"0";"0";"0";"0";"0";"0";"0";"0";"0";"0";"0";"0";"0";"0";"0";"0";"0";"0";"0";"0";"0";"0";"0";"0";"0";"0";"0";"7";"Fungi";"Ascomycota";"Sordariomycetes";"Sordariales";"Lasiosphaeriaceae";"Apodus"
"Pseudaleuria fibrillosa";"0";"0";"0";"0";"0";"0";"0";"0";"0";"0";"0";"0";"0";"0";"0";"0";"0";"0";"0";"0";"0";"0";"0";"0";"0";"0";"0";"0";"0";"0";"0";"0";"0";"0";"0";"0";"0";"0";"0";"0";"0";"0";"0";"0";"0";"0";"0";"0";"0";"0";"0";"0";"0";"0";"0";"0";"0";"0";"0";"0";"0";"0";"0";"0";"0";"0";"0";"0";"0";"0";"0";"0";"0";"0";"0";"0";"0";"0";"0";"0";"0";"0";"0";"0";"0";"0";"0";"0";"0";"0";"0";"0";"0";"0";"0";"0";"0";"0";"0";"0";"0";"0";"0";"0";"0";"0";"0";"0";"0";"0";"0";"0";"0";"0";"0";"0";"0";"0";"0";"0";"0";"0";"0";"0";"0";"0";"0";"0";"0";"636";"0";"0";"0";"0";"0";"57";"0";"0";"0";"0";"0";"0";"0";"0";"0";"0";"0";"0";"0";"0";"0";"0";"693";"Fungi";"Ascomycota";"Pezizomycetes";"Pezizales";"Pyronemataceae";"Pseudaleuria"
"Pichia fermentans";"0";"0";"0";"0";"0";"0";"0";"0";"0";"0";"0";"0";"0";"0";"0";"0";"0";"0";"0";"0";"0";"0";"0";"0";"0";"0";"0";"0";"0";"0";"0";"0";"0";"0";"0";"0";"0";"0";"0";"0";"0";"0";"0";"0";"0";"0";"0";"0";"0";"0";"0";"0";"0";"0";"0";"0";"0";"0";"0";"0";"0";"0";"0";"0";"0";"0";"0";"0";"0";"0";"0";"0";"0";"0";"0";"0";"0";"0";"0";"6881";"0";"0";"0";"0";"0";"0";"0";"0";"0";"0";"0";"0";"0";"0";"0";"0";"0";"0";"0";"0";"0";"0";"0";"0";"0";"0";"0";"0";"0";"0";"0";"0";"0";"0";"0";"0";"0";"0";"0";"0";"0";"0";"0";"0";"0";"0";"0";"0";"0";"0";"0";"0";"0";"0";"0";"0";"0";"0";"0";"0";"0";"0";"0";"0";"0";"0";"0";"0";"0";"0";"0";"0";"6881";"Fungi";"Ascomycota";"Saccharomycetes";"Saccharomycetales";"Pichiaceae";"Pichia"
"Russula ochroleuca";"0";"0";"0";"0";"0";"0";"0";"0";"0";"0";"0";"0";"0";"0";"0";"0";"0";"0";"0";"0";"0";"0";"0";"0";"0";"0";"0";"0";"0";"0";"0";"0";"0";"0";"0";"0";"0";"0";"0";"0";"0";"0";"0";"0";"0";"0";"0";"0";"0";"0";"0";"0";"0";"0";"0";"0";"0";"0";"0";"0";"0";"0";"0";"0";"0";"0";"0";"0";"0";"0";"0";"0";"0";"0";"0";"0";"0";"0";"0";"0";"0";"0";"0";"0";"0";"0";"0";"0";"0";"0";"0";"0";"0";"0";"0";"0";"0";"0";"0";"0";"0";"0";"0";"0";"0";"0";"0";"0";"0";"0";"0";"0";"0";"0";"0";"0";"0";"0";"0";"0";"0";"0";"0";"0";"0";"0";"0";"0";"0";"0";"0";"0";"0";"0";"0";"0";"0";"0";"0";"676";"0";"0";"0";"0";"0";"0";"0";"0";"0";"0";"0";"0";"676";"Fungi";"Basidiomycota";"Agaricomycetes";"Russulales";"Russulaceae";"Russula"
"Sordariales sp. 7S-Ap3-4-1";"0";"0";"0";"0";"0";"0";"0";"0";"0";"0";"0";"0";"0";"0";"0";"0";"0";"0";"0";"0";"0";"0";"0";"0";"0";"0";"0";"0";"0";"0";"15";"0";"0";"0";"2";"0";"0";"0";"50";"0";"0";"0";"0";"0";"0";"0";"0";"0";"0";"0";"0";"0";"0";"0";"0";"0";"0";"0";"0";"0";"0";"0";"0";"0";"0";"0";"0";"0";"0";"0";"0";"0";"0";"0";"0";"0";"0";"0";"0";"0";"0";"0";"0";"0";"0";"0";"0";"0";"0";"0";"0";"0";"0";"0";"0";"0";"0";"0";"0";"0";"0";"0";"0";"0";"0";"0";"0";"0";"0";"0";"0";"0";"0";"0";"0";"0";"0";"0";"0";"0";"0";"0";"0";"0";"0";"0";"0";"0";"0";"0";"0";"0";"0";"0";"0";"0";"0";"0";"0";"0";"0";"0";"0";"0";"0";"0";"0";"0";"0";"0";"0";"0";"67";"Fungi";"Ascomycota";"Sordariomycetes";"Sordariales";"NOID";"NOCLASS"
"Podospora curvicolla";"0";"0";"0";"0";"0";"0";"0";"0";"0";"0";"0";"0";"0";"0";"0";"0";"0";"0";"0";"0";"4";"0";"0";"0";"0";"0";"0";"0";"0";"0";"0";"0";"0";"0";"0";"0";"0";"0";"0";"0";"0";"0";"0";"0";"0";"0";"0";"0";"0";"0";"0";"0";"0";"0";"0";"0";"0";"0";"0";"0";"0";"0";"0";"0";"0";"0";"0";"0";"0";"0";"0";"0";"0";"0";"0";"0";"0";"0";"0";"0";"0";"0";"0";"0";"0";"0";"0";"0";"0";"0";"0";"0";"0";"0";"0";"0";"0";"0";"0";"0";"0";"3";"0";"0";"0";"0";"19";"98";"0";"0";"0";"0";"0";"0";"0";"0";"0";"0";"0";"0";"0";"0";"0";"0";"0";"0";"0";"0";"0";"0";"0";"0";"0";"0";"0";"0";"537";"0";"0";"0";"0";"0";"0";"0";"0";"0";"0";"0";"0";"0";"0";"0";"661";"Fungi";"Ascomycota";"Sordariomycetes";"Sordariales";"Chaetomiaceae";"Podospora"
"Neoascochyta tardicrescens";"0";"0";"0";"0";"0";"0";"0";"0";"0";"0";"0";"0";"0";"0";"0";"0";"0";"0";"0";"0";"0";"0";"0";"0";"0";"0";"0";"0";"0";"0";"0";"0";"0";"0";"0";"0";"0";"0";"0";"0";"0";"0";"0";"0";"0";"0";"0";"0";"0";"0";"0";"0";"0";"0";"0";"0";"0";"0";"0";"0";"0";"0";"0";"0";"0";"0";"0";"0";"0";"0";"0";"0";"0";"0";"0";"0";"0";"0";"0";"0";"0";"0";"0";"0";"0";"0";"0";"0";"0";"0";"0";"0";"0";"0";"0";"0";"0";"0";"0";"0";"0";"0";"0";"0";"0";"0";"0";"0";"0";"0";"0";"0";"0";"0";"0";"0";"0";"0";"0";"0";"0";"0";"0";"0";"0";"0";"0";"0";"0";"0";"0";"0";"0";"0";"0";"0";"0";"0";"0";"65";"0";"0";"0";"0";"0";"0";"0";"0";"0";"0";"0";"0";"65";"Fungi";"Ascomycota";"Dothideomycetes";"Pleosporales";"Didymellaceae";"Neoascochyta"
"Penicillium polonicum";"0";"0";"0";"0";"0";"0";"0";"0";"0";"0";"0";"0";"0";"0";"0";"0";"0";"0";"0";"0";"0";"0";"0";"0";"0";"0";"0";"0";"0";"0";"0";"0";"0";"0";"0";"0";"0";"0";"0";"0";"0";"0";"0";"0";"0";"0";"0";"0";"0";"0";"0";"0";"0";"0";"0";"0";"0";"0";"0";"0";"0";"0";"0";"0";"0";"0";"0";"0";"0";"0";"0";"0";"0";"0";"0";"0";"0";"0";"0";"0";"0";"0";"0";"0";"0";"0";"0";"0";"0";"0";"0";"0";"0";"0";"0";"0";"0";"0";"0";"0";"0";"65";"0";"0";"0";"0";"0";"0";"0";"0";"0";"0";"0";"0";"0";"0";"0";"0";"0";"0";"0";"0";"0";"0";"0";"0";"0";"0";"0";"0";"0";"0";"0";"0";"0";"0";"0";"0";"0";"0";"0";"0";"0";"0";"0";"0";"0";"0";"0";"0";"0";"0";"65";"Fungi";"Ascomycota";"Eurotiomycetes";"Eurotiales";"Aspergillaceae";"Penicillium"
"Kochiomyces dichotomus";"0";"0";"0";"0";"0";"0";"0";"0";"0";"0";"0";"0";"0";"62";"0";"0";"0";"0";"0";"0";"0";"0";"0";"0";"0";"0";"0";"0";"0";"0";"0";"0";"0";"0";"0";"0";"0";"0";"0";"0";"0";"0";"0";"0";"0";"0";"0";"0";"0";"0";"0";"0";"0";"0";"0";"0";"0";"0";"0";"0";"0";"0";"0";"0";"0";"0";"0";"0";"0";"0";"0";"0";"0";"0";"0";"0";"0";"0";"0";"0";"0";"0";"0";"0";"0";"0";"0";"0";"0";"0";"0";"0";"0";"0";"0";"0";"0";"0";"0";"0";"0";"0";"0";"0";"0";"0";"0";"0";"0";"0";"0";"0";"0";"0";"0";"0";"0";"0";"0";"0";"0";"0";"0";"0";"0";"0";"0";"0";"0";"0";"0";"0";"0";"0";"0";"0";"0";"0";"0";"0";"0";"0";"0";"0";"0";"0";"0";"0";"0";"0";"0";"0";"62";"Fungi";"Chytridiomycota";"Chytridiomycetes";"Spizellomycetales";"Spizellomycetaceae";"Kochiomyces"
"Coniothyrium crepinianum";"0";"0";"0";"0";"0";"0";"0";"0";"0";"0";"0";"0";"0";"0";"0";"0";"0";"0";"0";"0";"0";"0";"0";"0";"0";"0";"0";"0";"0";"0";"0";"0";"0";"0";"0";"0";"0";"0";"0";"0";"0";"0";"0";"0";"0";"0";"0";"0";"0";"0";"0";"0";"0";"0";"0";"0";"0";"0";"0";"0";"0";"0";"0";"0";"0";"0";"0";"0";"0";"0";"0";"0";"0";"0";"0";"0";"0";"0";"0";"0";"0";"0";"0";"0";"0";"0";"6";"0";"0";"0";"0";"0";"0";"0";"0";"0";"0";"0";"0";"0";"0";"0";"0";"0";"0";"0";"0";"0";"0";"0";"0";"0";"0";"0";"0";"0";"0";"0";"0";"0";"0";"0";"0";"0";"0";"0";"0";"0";"0";"0";"0";"0";"0";"0";"0";"0";"0";"0";"0";"0";"0";"0";"0";"0";"0";"0";"0";"0";"0";"0";"0";"0";"6";"Fungi";"Ascomycota";"Dothideomycetes";"Pleosporales";"Coniothyriaceae";"Coniothyrium"
"Pilobolus longipes";"0";"0";"0";"0";"0";"0";"0";"0";"0";"0";"0";"0";"0";"0";"29";"0";"0";"0";"0";"30";"0";"0";"0";"0";"0";"0";"0";"0";"0";"0";"0";"0";"0";"0";"0";"0";"0";"0";"0";"0";"0";"0";"0";"0";"0";"0";"0";"0";"0";"0";"0";"0";"0";"0";"0";"0";"0";"0";"0";"0";"0";"0";"0";"0";"0";"0";"0";"0";"0";"0";"0";"0";"0";"0";"0";"0";"0";"0";"0";"0";"0";"0";"0";"0";"0";"0";"0";"0";"0";"0";"0";"0";"0";"0";"0";"0";"0";"0";"0";"0";"0";"0";"0";"0";"0";"0";"0";"0";"0";"0";"0";"0";"0";"0";"0";"0";"0";"0";"0";"0";"0";"0";"0";"0";"0";"0";"0";"0";"0";"0";"0";"0";"0";"0";"0";"0";"0";"0";"0";"0";"0";"0";"0";"0";"0";"0";"0";"0";"0";"0";"0";"0";"59";"Fungi";"Mucoromycota";"Mucoromycetes";"Mucorales";"Pilobolaceae";"Pilobolus"
"Mucor odoratus";"0";"0";"0";"0";"0";"0";"0";"0";"0";"0";"0";"0";"0";"0";"0";"0";"0";"0";"0";"0";"0";"0";"0";"0";"0";"0";"0";"0";"0";"0";"0";"0";"0";"0";"0";"0";"0";"0";"0";"0";"0";"0";"0";"0";"0";"0";"0";"0";"0";"0";"0";"0";"0";"0";"0";"0";"0";"0";"0";"0";"0";"0";"0";"0";"0";"0";"0";"0";"0";"0";"0";"0";"0";"0";"0";"0";"0";"0";"0";"404";"0";"182";"0";"0";"0";"0";"0";"0";"0";"0";"0";"0";"0";"0";"0";"0";"0";"0";"0";"0";"0";"0";"0";"0";"0";"0";"0";"0";"0";"0";"0";"0";"0";"0";"0";"0";"0";"0";"0";"0";"0";"0";"0";"0";"0";"0";"0";"0";"0";"0";"0";"0";"0";"0";"0";"0";"0";"0";"0";"0";"0";"0";"0";"0";"0";"0";"0";"0";"0";"0";"0";"0";"586";"Fungi";"Mucoromycota";"Mucoromycetes";"Mucorales";"Mucoraceae";"Mucor"
"Ascochyta rabiei";"0";"0";"0";"0";"0";"0";"0";"0";"0";"0";"0";"0";"44";"0";"0";"0";"0";"0";"0";"0";"0";"0";"0";"0";"0";"0";"0";"0";"0";"0";"0";"0";"0";"0";"0";"0";"0";"0";"0";"0";"0";"0";"0";"0";"0";"0";"0";"0";"0";"0";"0";"0";"0";"0";"0";"0";"0";"0";"0";"0";"0";"0";"0";"0";"0";"0";"0";"0";"0";"0";"0";"0";"0";"0";"0";"0";"0";"0";"0";"0";"0";"0";"0";"0";"0";"0";"0";"0";"0";"0";"0";"0";"0";"0";"0";"0";"0";"0";"0";"0";"0";"0";"0";"0";"0";"0";"0";"0";"0";"0";"0";"0";"0";"0";"0";"0";"0";"0";"0";"0";"0";"0";"0";"0";"0";"0";"0";"0";"0";"0";"0";"0";"0";"0";"0";"0";"0";"0";"0";"0";"0";"0";"0";"0";"0";"0";"502";"0";"0";"0";"0";"0";"546";"Fungi";"Ascomycota";"Dothideomycetes";"Pleosporales";"Didymellaceae";"Ascochyta"
"Lactarius quietus";"0";"0";"0";"0";"0";"0";"0";"0";"0";"0";"0";"0";"0";"0";"0";"0";"0";"0";"0";"0";"0";"0";"0";"0";"0";"0";"0";"0";"0";"0";"0";"0";"0";"0";"0";"0";"0";"0";"0";"0";"0";"0";"0";"0";"0";"0";"0";"0";"0";"0";"0";"0";"0";"0";"0";"0";"0";"0";"0";"0";"0";"0";"0";"0";"0";"0";"0";"0";"0";"0";"0";"0";"0";"0";"0";"0";"0";"0";"0";"0";"0";"0";"0";"0";"0";"0";"0";"0";"0";"0";"0";"0";"0";"0";"0";"0";"0";"0";"0";"0";"0";"0";"0";"0";"0";"0";"0";"0";"0";"0";"0";"0";"0";"0";"0";"0";"0";"0";"0";"0";"0";"0";"0";"0";"3";"0";"0";"0";"0";"0";"0";"0";"0";"0";"0";"0";"0";"0";"0";"5292";"0";"0";"0";"0";"0";"0";"0";"0";"0";"0";"0";"0";"5295";"Fungi";"Basidiomycota";"Agaricomycetes";"Russulales";"Russulaceae";"Lactarius"
"Ascobolaceae sp.";"0";"0";"0";"0";"0";"763";"0";"0";"1001";"2043";"0";"0";"0";"72";"150";"631";"10184";"2504";"144";"0";"68";"33";"77";"145";"0";"0";"0";"0";"884";"0";"669";"581";"49";"0";"507";"0";"0";"62";"124";"124";"0";"60";"0";"0";"0";"0";"0";"0";"0";"139";"0";"0";"109";"0";"0";"0";"0";"0";"0";"0";"0";"0";"0";"0";"0";"0";"0";"0";"0";"0";"0";"8440";"0";"166";"0";"0";"0";"4240";"0";"0";"0";"0";"10246";"0";"0";"0";"8";"0";"0";"0";"0";"0";"0";"0";"0";"0";"0";"0";"0";"0";"0";"167";"0";"0";"0";"0";"502";"375";"10";"0";"0";"0";"1803";"0";"158";"0";"910";"0";"0";"0";"0";"0";"0";"0";"41";"0";"0";"0";"0";"1536";"0";"112";"0";"0";"157";"73";"0";"649";"0";"0";"0";"0";"0";"0";"0";"376";"0";"797";"0";"0";"0";"404";"52293";"Fungi";"Ascomycota";"Pezizomycetes";"Pezizales";"Ascobolaceae";"NOCLASS"
"fungal sp. 25 GM 18-01";"0";"0";"0";"0";"0";"0";"0";"0";"0";"0";"0";"0";"0";"0";"0";"0";"0";"0";"0";"0";"0";"0";"0";"0";"0";"0";"0";"0";"0";"0";"0";"0";"0";"0";"0";"0";"0";"0";"0";"0";"0";"0";"0";"0";"0";"0";"0";"0";"0";"0";"0";"0";"0";"0";"0";"0";"0";"0";"0";"0";"0";"0";"0";"0";"0";"0";"0";"0";"0";"0";"0";"0";"2979";"0";"0";"0";"0";"0";"0";"0";"0";"0";"0";"0";"0";"0";"0";"0";"0";"0";"0";"0";"0";"0";"0";"0";"0";"0";"0";"0";"0";"0";"0";"0";"0";"0";"0";"0";"0";"0";"0";"0";"0";"0";"0";"0";"0";"0";"0";"0";"0";"0";"0";"0";"0";"0";"0";"0";"0";"0";"0";"0";"0";"0";"0";"0";"0";"0";"0";"2237";"0";"0";"0";"0";"0";"0";"0";"0";"0";"0";"0";"0";"5216";"Fungi";"NOID";"NOID";"NOID";"NOID";"NOCLASS"
"Antarctomyces psychrotrophicus";"0";"0";"0";"0";"0";"0";"0";"0";"0";"0";"0";"0";"0";"0";"0";"0";"0";"0";"0";"0";"0";"0";"0";"0";"0";"0";"0";"0";"0";"0";"0";"0";"0";"0";"0";"0";"0";"0";"0";"0";"0";"0";"0";"0";"0";"0";"0";"0";"0";"0";"0";"0";"5";"0";"0";"0";"0";"0";"0";"0";"0";"0";"0";"0";"0";"0";"0";"0";"0";"0";"0";"0";"0";"0";"0";"0";"0";"0";"0";"0";"0";"0";"0";"0";"0";"0";"505";"0";"0";"0";"0";"0";"0";"0";"0";"0";"0";"0";"0";"0";"0";"0";"0";"0";"0";"0";"0";"0";"5";"0";"0";"0";"0";"0";"0";"0";"0";"0";"0";"0";"0";"0";"0";"0";"0";"0";"0";"0";"0";"0";"0";"0";"0";"0";"0";"0";"0";"0";"0";"0";"0";"0";"0";"0";"0";"0";"0";"0";"0";"0";"0";"0";"515";"Fungi";"Ascomycota";"Leotiomycetes";"Thelebolales";"Thelebolaceae";"Antarctomyces"
"Phoma sp.";"0";"0";"0";"0";"0";"0";"0";"0";"0";"0";"0";"0";"0";"0";"0";"0";"0";"0";"0";"0";"0";"4";"0";"0";"0";"0";"0";"0";"0";"0";"0";"0";"0";"0";"0";"0";"0";"0";"0";"0";"0";"0";"0";"0";"0";"0";"0";"0";"0";"0";"0";"0";"0";"0";"0";"0";"0";"0";"0";"0";"0";"0";"0";"0";"0";"0";"0";"0";"0";"0";"0";"0";"0";"0";"0";"0";"0";"0";"0";"0";"0";"0";"0";"0";"0";"0";"0";"0";"0";"0";"0";"0";"0";"0";"0";"0";"0";"0";"0";"0";"0";"0";"0";"0";"0";"0";"0";"0";"0";"0";"0";"0";"0";"0";"0";"0";"0";"0";"0";"0";"0";"0";"0";"0";"0";"0";"0";"0";"0";"0";"0";"0";"0";"0";"0";"0";"0";"0";"0";"47";"0";"0";"0";"0";"0";"0";"0";"0";"0";"0";"0";"0";"51";"Fungi";"Ascomycota";"Dothideomycetes";"Pleosporales";"Didymellaceae";"Phoma"
"Preussia minima";"0";"0";"0";"0";"0";"0";"0";"0";"0";"0";"0";"0";"0";"0";"0";"0";"0";"0";"0";"0";"0";"0";"0";"0";"0";"0";"0";"0";"0";"0";"0";"0";"0";"0";"0";"0";"0";"0";"0";"0";"0";"0";"0";"0";"0";"0";"0";"0";"0";"0";"0";"0";"0";"0";"0";"0";"0";"0";"0";"0";"0";"0";"0";"0";"0";"0";"0";"0";"0";"0";"0";"0";"0";"0";"0";"0";"50";"0";"0";"0";"0";"0";"0";"0";"0";"0";"0";"0";"0";"0";"0";"0";"0";"0";"0";"0";"0";"0";"0";"0";"0";"0";"0";"0";"0";"0";"0";"0";"0";"0";"0";"0";"0";"0";"0";"0";"0";"0";"0";"0";"0";"0";"0";"0";"0";"0";"0";"0";"0";"0";"0";"0";"0";"0";"0";"0";"0";"0";"0";"0";"0";"0";"0";"0";"0";"0";"0";"0";"0";"0";"0";"0";"50";"Fungi";"Ascomycota";"Dothideomycetes";"Pleosporales";"Sporormiaceae";"Preussia"
"Phaeosphaeria poagena";"0";"0";"0";"0";"0";"0";"0";"0";"0";"0";"0";"0";"0";"0";"0";"0";"0";"0";"0";"0";"0";"0";"0";"0";"0";"0";"0";"0";"0";"0";"0";"0";"0";"0";"0";"0";"0";"0";"0";"0";"0";"0";"0";"0";"0";"0";"0";"0";"0";"0";"0";"0";"0";"0";"0";"0";"0";"0";"0";"0";"0";"0";"0";"0";"0";"0";"0";"0";"0";"0";"0";"0";"0";"0";"0";"0";"0";"0";"0";"0";"0";"0";"0";"0";"0";"0";"5";"0";"0";"0";"0";"0";"0";"0";"0";"0";"0";"0";"0";"0";"0";"0";"0";"0";"0";"0";"0";"0";"0";"0";"0";"0";"0";"0";"0";"0";"0";"0";"0";"0";"0";"0";"0";"0";"0";"0";"0";"0";"0";"0";"0";"0";"0";"0";"0";"0";"0";"0";"0";"0";"0";"0";"0";"0";"0";"0";"0";"0";"0";"0";"0";"0";"5";"Fungi";"Ascomycota";"Dothideomycetes";"Pleosporales";"Phaeosphaeriaceae";"Phaeosphaeria"
"Cheilymenia stercorea";"0";"0";"0";"0";"0";"0";"0";"0";"0";"0";"0";"0";"0";"0";"0";"0";"0";"0";"0";"0";"0";"0";"3478";"0";"361";"770";"9574";"3036";"3684";"0";"0";"0";"0";"0";"0";"10246";"9940";"0";"0";"0";"0";"0";"452";"0";"0";"0";"0";"0";"0";"0";"0";"0";"1";"0";"0";"0";"0";"0";"0";"0";"0";"0";"0";"0";"0";"0";"0";"0";"0";"0";"0";"0";"0";"0";"0";"0";"0";"0";"0";"0";"0";"0";"0";"0";"0";"0";"11";"0";"0";"0";"0";"0";"0";"0";"0";"0";"0";"0";"0";"0";"0";"0";"0";"0";"3769";"0";"0";"0";"18";"0";"0";"0";"0";"301";"497";"0";"0";"0";"0";"0";"0";"0";"0";"412";"1983";"0";"0";"0";"0";"0";"0";"0";"0";"0";"0";"0";"0";"0";"0";"0";"0";"0";"0";"0";"0";"0";"0";"0";"0";"0";"0";"0";"48533";"Fungi";"Ascomycota";"Pezizomycetes";"Pezizales";"Pyronemataceae";"Cheilymenia"
"Scutellinia sp. OTU075 AN-2016";"0";"0";"0";"0";"0";"0";"0";"0";"0";"0";"0";"0";"0";"0";"0";"0";"0";"0";"0";"0";"0";"0";"0";"0";"0";"0";"0";"0";"0";"0";"0";"0";"0";"0";"0";"0";"0";"0";"0";"0";"0";"0";"0";"0";"0";"0";"0";"0";"0";"0";"0";"0";"0";"0";"0";"0";"0";"0";"0";"0";"0";"0";"0";"0";"0";"0";"0";"0";"0";"0";"0";"0";"0";"0";"0";"0";"0";"0";"0";"0";"0";"0";"0";"0";"0";"0";"0";"0";"0";"2993";"0";"0";"0";"0";"0";"0";"0";"0";"0";"0";"0";"0";"0";"0";"0";"0";"0";"0";"0";"0";"0";"0";"0";"0";"0";"0";"0";"0";"0";"0";"0";"0";"0";"1713";"0";"0";"0";"0";"0";"0";"0";"0";"0";"0";"0";"0";"0";"0";"0";"0";"0";"0";"0";"0";"0";"0";"0";"0";"0";"0";"0";"0";"4706";"Fungi";"Ascomycota";"Pezizomycetes";"Pezizales";"Pyronemataceae";"Scutellinia"
"Pezizomycetes sp. WF148";"0";"0";"0";"0";"0";"0";"0";"0";"0";"0";"0";"0";"0";"0";"0";"0";"0";"0";"5";"0";"15";"9";"0";"52";"0";"0";"0";"0";"0";"0";"9";"0";"0";"0";"0";"0";"0";"0";"0";"0";"104";"4";"0";"0";"0";"0";"0";"0";"0";"0";"0";"0";"0";"0";"0";"0";"0";"0";"0";"0";"0";"0";"0";"0";"0";"0";"0";"0";"0";"0";"0";"0";"0";"0";"0";"0";"0";"0";"0";"0";"0";"0";"0";"0";"0";"0";"0";"0";"0";"0";"140";"6";"0";"0";"0";"0";"0";"0";"0";"0";"0";"0";"0";"0";"0";"0";"0";"0";"40";"0";"0";"0";"0";"0";"0";"0";"0";"0";"0";"0";"0";"0";"0";"0";"0";"0";"0";"0";"0";"0";"0";"0";"0";"0";"0";"41";"43";"0";"0";"0";"0";"0";"0";"0";"0";"0";"0";"0";"0";"0";"0";"0";"468";"Fungi";"Ascomycota";"Pezizomycetes";"NOID";"NOID";"NOCLASS"
"Alternaria rosae";"0";"0";"0";"0";"0";"0";"0";"0";"0";"21";"0";"0";"0";"0";"0";"0";"0";"0";"0";"0";"0";"0";"0";"0";"0";"0";"0";"0";"0";"0";"0";"0";"0";"0";"0";"0";"0";"0";"0";"0";"0";"0";"0";"0";"0";"0";"0";"0";"0";"0";"0";"0";"0";"0";"0";"0";"0";"0";"0";"0";"0";"0";"0";"0";"0";"0";"0";"0";"0";"0";"0";"0";"0";"0";"0";"0";"0";"0";"0";"0";"0";"0";"0";"0";"0";"0";"0";"0";"0";"0";"0";"0";"0";"0";"0";"0";"0";"0";"0";"0";"0";"0";"0";"0";"0";"0";"0";"0";"75";"0";"0";"0";"0";"0";"0";"0";"0";"0";"0";"0";"0";"0";"0";"0";"0";"0";"0";"0";"0";"854";"0";"0";"0";"0";"0";"42";"0";"0";"3639";"0";"0";"0";"0";"0";"0";"0";"0";"0";"0";"0";"0";"0";"4631";"Fungi";"Ascomycota";"Dothideomycetes";"Pleosporales";"Pleosporaceae";"Alternaria"
"Alternaria infectoria";"0";"0";"0";"0";"0";"0";"0";"0";"0";"108";"0";"0";"931";"0";"79";"0";"0";"19";"7";"0";"1";"0";"0";"60";"0";"0";"0";"0";"0";"0";"0";"0";"0";"0";"0";"0";"0";"53";"0";"0";"0";"0";"0";"0";"0";"0";"0";"0";"0";"0";"0";"0";"0";"0";"0";"0";"0";"0";"0";"0";"0";"0";"0";"0";"0";"0";"0";"0";"0";"0";"0";"0";"0";"0";"0";"0";"0";"0";"0";"0";"0";"0";"0";"10246";"0";"0";"0";"0";"0";"0";"0";"0";"0";"0";"0";"0";"0";"0";"0";"0";"0";"0";"0";"0";"0";"0";"0";"0";"7";"0";"0";"0";"0";"0";"0";"0";"0";"151";"0";"0";"0";"0";"0";"0";"0";"0";"0";"0";"0";"0";"0";"9";"0";"0";"65";"0";"0";"50";"6607";"0";"0";"8006";"10246";"0";"0";"0";"0";"340";"2239";"3810";"0";"301";"43335";"Fungi";"Ascomycota";"Dothideomycetes";"Pleosporales";"Pleosporaceae";"Alternaria"
"Mucor sp. BESC196c";"0";"0";"0";"0";"0";"0";"0";"0";"0";"0";"0";"0";"0";"0";"0";"0";"0";"0";"0";"0";"0";"0";"0";"0";"0";"0";"0";"0";"0";"304";"0";"0";"0";"0";"0";"0";"0";"0";"46";"92";"0";"0";"0";"0";"0";"0";"10246";"0";"0";"0";"0";"0";"0";"0";"0";"0";"0";"0";"0";"10246";"0";"0";"0";"0";"0";"0";"0";"0";"0";"0";"0";"0";"0";"0";"0";"0";"0";"0";"0";"0";"0";"0";"0";"0";"0";"0";"0";"0";"10246";"0";"0";"0";"0";"0";"0";"0";"0";"0";"0";"0";"0";"0";"0";"0";"0";"0";"0";"0";"0";"0";"0";"0";"0";"0";"0";"0";"0";"0";"0";"0";"0";"0";"0";"0";"0";"0";"0";"0";"0";"0";"0";"0";"0";"0";"0";"0";"0";"95";"0";"0";"0";"0";"0";"0";"0";"0";"0";"0";"0";"0";"10246";"0";"41521";"Fungi";"Mucoromycota";"Mucoromycetes";"Mucorales";"Mucoraceae";"Mucor"
"Trichobolus zukalii";"0";"0";"0";"0";"0";"0";"0";"0";"0";"0";"0";"0";"0";"0";"14";"0";"0";"0";"41";"0";"0";"25";"0";"196";"0";"0";"0";"0";"0";"0";"42";"0";"982";"0";"76";"0";"0";"108";"0";"0";"315";"141";"0";"0";"0";"0";"0";"0";"166";"0";"0";"0";"0";"0";"0";"0";"0";"0";"0";"0";"0";"0";"0";"0";"0";"0";"0";"0";"0";"0";"0";"0";"0";"0";"0";"0";"0";"0";"0";"0";"0";"0";"0";"0";"0";"0";"39";"0";"0";"0";"0";"0";"0";"0";"0";"0";"0";"0";"0";"0";"0";"230";"0";"0";"0";"0";"479";"541";"269";"0";"0";"0";"0";"0";"0";"419";"0";"0";"0";"0";"0";"0";"0";"0";"0";"0";"0";"0";"0";"0";"0";"0";"0";"0";"6";"0";"58";"0";"0";"0";"0";"0";"0";"0";"0";"0";"0";"0";"0";"0";"0";"0";"4147";"Fungi";"Ascomycota";"Pezizomycetes";"Pezizales";"NOID";"Trichobolus"
"fungal endophyte";"0";"0";"0";"0";"0";"0";"0";"0";"0";"0";"0";"0";"0";"0";"0";"0";"0";"0";"2";"234";"0";"18";"3";"0";"0";"0";"0";"0";"0";"0";"0";"0";"0";"0";"0";"0";"0";"0";"0";"0";"0";"0";"0";"0";"0";"0";"0";"0";"0";"0";"0";"0";"13";"0";"0";"0";"0";"0";"0";"0";"0";"0";"0";"0";"0";"0";"0";"0";"0";"0";"0";"0";"0";"0";"0";"0";"0";"0";"0";"0";"0";"0";"0";"0";"0";"0";"0";"0";"0";"0";"0";"0";"0";"0";"0";"0";"0";"0";"0";"0";"0";"0";"0";"0";"0";"0";"0";"0";"14";"0";"0";"0";"0";"0";"0";"0";"0";"0";"26";"0";"0";"0";"0";"0";"0";"0";"0";"0";"0";"0";"0";"0";"0";"0";"98";"0";"0";"0";"0";"0";"0";"0";"0";"0";"0";"0";"0";"0";"0";"0";"0";"0";"408";"Fungi";"NOID";"NOID";"NOID";"NOID";"NOCLASS"
"Preussia sp. (in: Fungi)";"0";"0";"0";"0";"0";"0";"0";"0";"0";"101";"0";"0";"0";"2";"33";"49";"0";"0";"120";"198";"3";"181";"0";"0";"137";"0";"0";"0";"0";"0";"0";"0";"0";"0";"13";"0";"0";"0";"0";"0";"138";"5";"0";"0";"0";"0";"0";"0";"0";"0";"0";"0";"15";"0";"0";"0";"0";"0";"0";"0";"0";"0";"0";"0";"0";"0";"163";"0";"0";"0";"0";"0";"0";"0";"0";"0";"45";"0";"0";"0";"0";"0";"0";"0";"0";"0";"0";"0";"0";"0";"0";"0";"0";"0";"0";"0";"0";"0";"0";"0";"0";"9";"0";"0";"0";"0";"0";"0";"33";"0";"0";"0";"0";"0";"0";"0";"0";"0";"0";"0";"0";"0";"0";"0";"30";"0";"0";"0";"0";"0";"0";"0";"0";"0";"363";"0";"61";"71";"0";"0";"0";"0";"0";"0";"0";"153";"363";"1250";"426";"0";"0";"109";"4071";"Fungi";"Ascomycota";"Dothideomycetes";"Pleosporales";"Sporormiaceae";"Preussia"
"Coniochaeta sp. NG_p46";"0";"0";"0";"0";"0";"0";"0";"0";"0";"0";"0";"0";"0";"0";"0";"0";"0";"0";"0";"0";"0";"0";"0";"0";"0";"0";"0";"0";"0";"0";"0";"0";"0";"0";"0";"0";"0";"0";"0";"0";"0";"0";"0";"0";"0";"0";"0";"0";"0";"0";"0";"0";"0";"0";"0";"0";"0";"0";"0";"0";"0";"0";"0";"0";"0";"0";"0";"0";"0";"0";"0";"0";"0";"0";"0";"0";"0";"0";"0";"0";"0";"0";"0";"0";"0";"0";"4";"0";"0";"0";"0";"0";"0";"0";"0";"0";"0";"0";"0";"0";"0";"0";"0";"0";"0";"0";"0";"0";"0";"0";"0";"0";"0";"0";"0";"0";"0";"0";"0";"0";"0";"0";"0";"0";"0";"0";"0";"0";"0";"0";"0";"0";"0";"0";"0";"0";"0";"0";"0";"0";"0";"0";"0";"0";"0";"0";"0";"0";"0";"0";"0";"0";"4";"Fungi";"Ascomycota";"Sordariomycetes";"Coniochaetales";"Coniochaetaceae";"Coniochaeta"
"Pezizomycetes sp.";"0";"0";"0";"0";"0";"0";"0";"0";"0";"4";"0";"0";"0";"0";"0";"0";"0";"0";"0";"0";"0";"0";"0";"0";"0";"0";"0";"0";"0";"0";"0";"0";"0";"0";"0";"0";"0";"0";"0";"0";"0";"0";"0";"0";"0";"0";"0";"0";"0";"0";"0";"0";"0";"0";"0";"0";"0";"0";"0";"0";"0";"0";"0";"0";"0";"0";"0";"0";"0";"0";"0";"0";"0";"0";"0";"0";"0";"0";"0";"0";"0";"0";"0";"0";"0";"0";"0";"0";"0";"0";"0";"0";"0";"0";"0";"0";"0";"0";"0";"0";"0";"0";"0";"0";"0";"0";"0";"0";"0";"0";"0";"0";"0";"0";"0";"0";"0";"0";"0";"0";"0";"0";"0";"0";"0";"0";"0";"0";"0";"0";"0";"0";"0";"0";"0";"0";"0";"0";"0";"0";"0";"0";"0";"0";"0";"0";"0";"0";"0";"0";"0";"0";"4";"Fungi";"Ascomycota";"Pezizomycetes";"NOID";"NOID";"NOCLASS"
"Preussia pilosella";"0";"0";"0";"0";"0";"0";"0";"0";"0";"0";"0";"0";"0";"0";"0";"0";"0";"0";"0";"0";"0";"4";"0";"0";"0";"0";"0";"0";"0";"0";"0";"0";"0";"0";"0";"0";"0";"0";"0";"0";"0";"0";"0";"0";"0";"0";"0";"0";"0";"0";"0";"0";"0";"0";"0";"0";"0";"0";"0";"0";"0";"0";"0";"0";"0";"0";"0";"0";"0";"0";"0";"0";"0";"0";"0";"0";"0";"0";"0";"0";"0";"0";"0";"0";"0";"0";"0";"0";"0";"0";"0";"0";"0";"0";"0";"0";"0";"0";"0";"0";"0";"0";"0";"0";"0";"0";"0";"0";"0";"0";"0";"0";"0";"0";"0";"0";"0";"0";"0";"0";"0";"0";"0";"0";"0";"0";"0";"0";"0";"0";"0";"0";"0";"0";"0";"0";"0";"0";"0";"0";"0";"0";"0";"0";"0";"0";"0";"0";"0";"0";"0";"0";"4";"Fungi";"Ascomycota";"Dothideomycetes";"Pleosporales";"Sporormiaceae";"Preussia"
"Ascomycota sp. 2 TC2-053";"0";"0";"0";"0";"0";"0";"0";"0";"0";"0";"0";"0";"0";"0";"0";"0";"0";"0";"0";"0";"0";"0";"0";"0";"0";"0";"0";"0";"0";"0";"0";"0";"0";"0";"0";"0";"0";"0";"0";"0";"0";"0";"0";"0";"0";"0";"0";"0";"0";"0";"0";"0";"0";"0";"0";"0";"0";"0";"0";"0";"0";"0";"0";"0";"0";"0";"0";"0";"0";"0";"0";"0";"0";"0";"0";"0";"0";"0";"0";"0";"0";"0";"0";"0";"0";"0";"5";"0";"0";"0";"0";"0";"0";"0";"0";"0";"0";"0";"0";"0";"0";"0";"0";"0";"0";"0";"0";"0";"0";"0";"0";"0";"0";"0";"0";"0";"0";"0";"0";"0";"0";"0";"0";"0";"0";"0";"0";"0";"0";"0";"0";"0";"0";"0";"0";"0";"0";"0";"0";"0";"0";"0";"0";"0";"0";"0";"0";"376";"0";"0";"0";"0";"381";"Fungi";"Ascomycota";"NOID";"NOID";"NOID";"NOCLASS"
"Pilobolus heterosporus";"0";"0";"0";"0";"0";"0";"0";"0";"0";"0";"0";"0";"0";"0";"37";"0";"0";"0";"0";"0";"0";"0";"0";"0";"0";"0";"0";"0";"0";"0";"0";"0";"0";"0";"0";"0";"0";"0";"0";"0";"0";"0";"0";"0";"0";"0";"0";"0";"0";"0";"0";"0";"0";"0";"0";"0";"0";"0";"0";"0";"0";"0";"0";"0";"0";"0";"0";"0";"0";"0";"0";"0";"0";"0";"0";"0";"0";"0";"0";"0";"0";"0";"0";"0";"0";"0";"0";"0";"0";"0";"0";"0";"0";"0";"0";"0";"0";"0";"0";"0";"0";"0";"0";"0";"0";"0";"0";"0";"0";"0";"0";"0";"0";"0";"0";"0";"0";"0";"0";"0";"0";"0";"0";"0";"0";"0";"0";"0";"0";"0";"0";"0";"0";"0";"0";"0";"0";"0";"0";"0";"0";"0";"0";"0";"0";"0";"0";"0";"0";"0";"0";"0";"37";"Fungi";"Mucoromycota";"Mucoromycetes";"Mucorales";"Pilobolaceae";"Pilobolus"
"Podila humilis";"0";"0";"0";"0";"0";"0";"0";"0";"0";"0";"0";"0";"0";"0";"0";"0";"0";"0";"0";"0";"0";"0";"0";"0";"0";"0";"0";"0";"0";"0";"0";"0";"0";"0";"0";"0";"0";"0";"0";"0";"0";"0";"0";"0";"0";"0";"0";"0";"0";"0";"0";"0";"0";"0";"0";"0";"0";"0";"0";"0";"0";"0";"0";"0";"0";"0";"0";"0";"0";"0";"0";"0";"0";"0";"0";"0";"0";"0";"0";"0";"0";"0";"0";"0";"0";"0";"0";"0";"0";"0";"0";"0";"0";"0";"0";"0";"0";"0";"0";"0";"0";"0";"0";"0";"0";"0";"0";"0";"0";"0";"0";"0";"0";"0";"0";"0";"0";"0";"0";"0";"0";"0";"0";"0";"0";"0";"0";"0";"0";"0";"0";"0";"0";"0";"0";"0";"0";"0";"0";"364";"0";"0";"0";"0";"0";"0";"0";"0";"0";"0";"0";"0";"364";"Fungi";"Mucoromycota";"Mortierellomycetes";"Mortierellales";"Mortierellaceae";"Podila"
"fungal sp.";"0";"0";"0";"0";"0";"117";"0";"0";"0";"0";"0";"0";"0";"0";"0";"0";"0";"0";"0";"0";"0";"13";"4";"74";"0";"0";"0";"0";"0";"0";"5";"31";"0";"0";"27";"0";"0";"0";"57";"80";"135";"128";"0";"0";"0";"177";"0";"0";"0";"0";"0";"136";"148";"83";"0";"0";"0";"0";"0";"0";"0";"0";"0";"34";"0";"0";"0";"0";"0";"0";"0";"0";"0";"24";"0";"0";"0";"0";"0";"0";"0";"0";"0";"0";"147";"0";"462";"0";"0";"0";"139";"92";"0";"0";"0";"0";"0";"0";"0";"0";"0";"21";"0";"0";"0";"0";"0";"13";"298";"0";"0";"0";"0";"0";"0";"0";"0";"0";"0";"0";"0";"0";"0";"0";"5";"0";"0";"0";"0";"0";"0";"0";"0";"0";"20";"0";"106";"0";"0";"24";"0";"0";"0";"0";"0";"0";"559";"149";"0";"0";"0";"0";"3308";"Fungi";"NOID";"NOID";"NOID";"NOID";"NOCLASS"
"Pseudaleuria sp. MF-3";"0";"0";"0";"0";"0";"0";"0";"0";"0";"0";"0";"0";"0";"0";"0";"0";"0";"0";"0";"0";"0";"0";"0";"0";"269";"0";"0";"0";"90";"0";"0";"0";"0";"0";"37";"0";"0";"0";"0";"0";"0";"0";"0";"0";"0";"0";"0";"0";"0";"0";"0";"0";"0";"0";"0";"0";"0";"0";"0";"0";"0";"0";"0";"0";"0";"0";"0";"0";"0";"0";"0";"0";"0";"0";"0";"0";"0";"0";"0";"0";"0";"0";"0";"0";"0";"0";"0";"0";"0";"0";"0";"0";"0";"0";"0";"0";"0";"0";"0";"0";"0";"0";"0";"0";"0";"0";"0";"0";"0";"0";"0";"0";"0";"0";"0";"0";"0";"0";"0";"0";"0";"0";"0";"58";"3";"2846";"0";"0";"0";"0";"0";"0";"0";"0";"0";"0";"0";"0";"0";"0";"0";"0";"0";"0";"0";"0";"0";"0";"0";"0";"0";"0";"3303";"Fungi";"Ascomycota";"Pezizomycetes";"Pezizales";"Pyronemataceae";"Pseudaleuria"
"Cenococcum geophilum";"0";"0";"0";"0";"0";"0";"0";"0";"0";"0";"0";"0";"0";"0";"0";"0";"0";"0";"0";"0";"0";"0";"0";"0";"0";"0";"0";"0";"0";"0";"0";"0";"0";"0";"0";"0";"0";"0";"0";"0";"0";"0";"0";"0";"0";"0";"0";"0";"0";"0";"0";"0";"0";"0";"0";"0";"0";"0";"0";"0";"0";"0";"0";"0";"0";"0";"0";"0";"0";"0";"0";"0";"0";"0";"0";"0";"0";"0";"0";"0";"0";"0";"0";"0";"0";"0";"0";"0";"0";"0";"0";"0";"0";"0";"0";"0";"0";"0";"0";"0";"0";"0";"0";"0";"0";"0";"0";"0";"0";"0";"0";"0";"0";"0";"0";"0";"0";"0";"0";"0";"0";"0";"0";"0";"0";"0";"0";"0";"0";"0";"0";"0";"0";"0";"0";"0";"0";"0";"0";"33";"0";"0";"0";"0";"0";"0";"0";"0";"0";"0";"0";"0";"33";"Fungi";"Ascomycota";"Dothideomycetes";"NOID";"Gloniaceae";"Cenococcum"
"Paraphaeosphaeria michotii";"0";"0";"0";"0";"0";"0";"0";"0";"0";"0";"0";"0";"0";"0";"0";"0";"0";"0";"0";"0";"0";"0";"0";"0";"0";"0";"0";"0";"0";"0";"0";"0";"0";"0";"0";"0";"0";"0";"0";"0";"0";"0";"0";"0";"0";"0";"0";"0";"0";"0";"0";"0";"0";"0";"0";"0";"0";"0";"0";"0";"0";"0";"0";"0";"0";"0";"0";"0";"0";"0";"0";"0";"0";"0";"0";"0";"0";"0";"0";"0";"0";"0";"0";"0";"0";"0";"6";"0";"0";"0";"0";"27";"0";"0";"0";"0";"0";"0";"0";"0";"0";"0";"0";"0";"0";"0";"0";"0";"0";"0";"0";"0";"0";"0";"0";"0";"0";"0";"0";"0";"0";"0";"0";"0";"0";"0";"0";"0";"0";"0";"0";"0";"0";"0";"0";"0";"0";"0";"0";"0";"0";"0";"0";"0";"0";"0";"0";"0";"0";"0";"0";"0";"33";"Fungi";"Ascomycota";"Dothideomycetes";"Pleosporales";"Didymosphaeriaceae";"Paraphaeosphaeria"
"Ascobolus sp.";"0";"0";"0";"0";"0";"0";"0";"0";"0";"0";"0";"0";"0";"0";"0";"0";"0";"0";"0";"0";"0";"3";"0";"0";"0";"0";"0";"0";"0";"0";"0";"0";"0";"0";"0";"0";"0";"0";"0";"0";"0";"0";"0";"0";"0";"0";"0";"0";"0";"0";"0";"0";"0";"0";"0";"0";"0";"0";"0";"0";"0";"0";"0";"0";"0";"0";"0";"0";"0";"0";"0";"0";"0";"0";"0";"0";"0";"0";"0";"0";"0";"0";"0";"0";"0";"0";"0";"0";"0";"0";"0";"0";"0";"0";"0";"0";"0";"0";"0";"0";"0";"0";"0";"0";"0";"0";"0";"0";"0";"0";"0";"0";"0";"0";"0";"0";"0";"0";"0";"0";"0";"0";"0";"0";"0";"0";"0";"0";"0";"0";"0";"0";"0";"0";"0";"0";"0";"0";"0";"0";"0";"0";"0";"0";"0";"0";"0";"0";"0";"0";"0";"0";"3";"Fungi";"Ascomycota";"Pezizomycetes";"Pezizales";"Ascobolaceae";"Ascobolus"
"Coprinopsis cinerea";"0";"0";"0";"0";"0";"0";"0";"0";"0";"0";"0";"0";"0";"0";"0";"0";"0";"0";"0";"0";"3";"0";"0";"0";"0";"0";"0";"0";"0";"0";"0";"0";"0";"0";"0";"0";"0";"0";"0";"0";"0";"0";"0";"0";"0";"0";"0";"0";"0";"0";"0";"0";"0";"0";"0";"0";"0";"0";"0";"0";"0";"0";"0";"0";"0";"0";"0";"0";"0";"0";"0";"0";"0";"0";"0";"0";"0";"0";"0";"0";"0";"0";"0";"0";"0";"0";"0";"0";"0";"0";"0";"0";"0";"0";"0";"0";"0";"0";"0";"0";"0";"0";"0";"0";"0";"0";"0";"0";"0";"0";"0";"0";"0";"0";"0";"0";"0";"0";"0";"0";"0";"0";"0";"0";"0";"0";"0";"0";"0";"0";"0";"0";"0";"0";"0";"0";"0";"0";"0";"0";"0";"0";"0";"0";"0";"0";"0";"0";"0";"0";"0";"0";"3";"Fungi";"Basidiomycota";"Agaricomycetes";"Agaricales";"Psathyrellaceae";"Coprinopsis"
"Pleosporales sp. TC2-049";"0";"0";"0";"0";"0";"0";"0";"0";"0";"0";"0";"0";"0";"0";"0";"0";"0";"0";"0";"0";"0";"0";"0";"0";"0";"0";"0";"0";"0";"0";"0";"0";"0";"0";"0";"0";"0";"0";"0";"0";"0";"0";"0";"0";"0";"0";"0";"0";"0";"0";"0";"0";"0";"0";"0";"0";"0";"0";"0";"0";"0";"0";"0";"0";"0";"0";"0";"0";"0";"0";"0";"0";"0";"0";"0";"0";"0";"0";"0";"0";"0";"0";"0";"0";"0";"0";"3";"0";"0";"0";"0";"0";"0";"0";"0";"0";"0";"0";"0";"0";"0";"0";"0";"0";"0";"0";"0";"0";"0";"0";"0";"0";"0";"0";"0";"0";"0";"0";"0";"0";"0";"0";"0";"0";"0";"0";"0";"0";"0";"0";"0";"0";"0";"0";"0";"0";"0";"0";"0";"0";"0";"0";"0";"0";"0";"0";"0";"0";"0";"0";"0";"0";"3";"Fungi";"Ascomycota";"Dothideomycetes";"Pleosporales";"NOID";"NOCLASS"
"Pezizales sp.";"0";"0";"0";"0";"0";"258";"0";"0";"0";"293";"0";"0";"0";"281";"248";"76";"0";"0";"327";"31";"0";"277";"285";"469";"0";"0";"0";"0";"1107";"0";"444";"20";"65";"0";"371";"0";"0";"368";"257";"987";"264";"1112";"0";"0";"0";"0";"0";"254";"49";"0";"0";"109";"3573";"0";"49";"0";"0";"66";"0";"0";"0";"0";"0";"229";"0";"0";"329";"0";"0";"0";"0";"0";"0";"0";"0";"0";"26";"0";"0";"0";"0";"0";"0";"0";"0";"0";"4";"0";"0";"0";"0";"28";"0";"0";"0";"0";"0";"890";"0";"0";"0";"3235";"0";"0";"0";"0";"317";"651";"415";"0";"0";"187";"79";"1825";"0";"2144";"1210";"897";"805";"0";"0";"0";"0";"0";"46";"0";"1319";"791";"0";"0";"0";"57";"1049";"0";"182";"151";"346";"91";"0";"0";"0";"0";"0";"0";"0";"0";"0";"0";"0";"0";"0";"91";"29034";"Fungi";"Ascomycota";"Pezizomycetes";"Pezizales";"NOID";"NOCLASS"
"Podospora curvula";"0";"0";"0";"0";"0";"0";"0";"0";"0";"0";"0";"0";"0";"0";"0";"0";"0";"0";"0";"0";"0";"0";"0";"0";"0";"0";"0";"0";"0";"0";"0";"0";"0";"0";"0";"0";"0";"0";"0";"0";"0";"0";"0";"0";"0";"0";"0";"0";"0";"0";"0";"0";"0";"16";"0";"0";"0";"0";"0";"0";"0";"0";"0";"0";"0";"0";"0";"0";"0";"0";"0";"0";"0";"13";"0";"0";"0";"0";"0";"0";"0";"0";"0";"0";"0";"0";"0";"0";"0";"0";"0";"0";"0";"0";"0";"0";"0";"0";"0";"0";"0";"0";"0";"0";"0";"0";"0";"0";"0";"0";"0";"0";"0";"0";"0";"0";"0";"0";"0";"0";"0";"0";"0";"0";"0";"0";"0";"0";"0";"0";"0";"0";"0";"0";"0";"0";"0";"0";"0";"0";"0";"0";"0";"0";"0";"0";"0";"0";"0";"0";"0";"0";"29";"Fungi";"Ascomycota";"Sordariomycetes";"Sordariales";"Chaetomiaceae";"Podospora"
"Podospora vesticola";"0";"0";"0";"0";"0";"0";"0";"0";"0";"0";"0";"0";"0";"0";"0";"0";"0";"0";"0";"0";"0";"3";"0";"0";"0";"0";"0";"0";"0";"0";"0";"0";"0";"0";"0";"0";"0";"0";"0";"0";"0";"0";"0";"0";"0";"0";"0";"0";"0";"0";"0";"0";"0";"0";"0";"0";"0";"0";"0";"0";"0";"0";"0";"0";"0";"0";"0";"0";"0";"0";"0";"0";"0";"25";"0";"0";"0";"0";"0";"0";"0";"0";"0";"0";"0";"0";"0";"0";"0";"0";"0";"0";"0";"0";"0";"0";"0";"0";"0";"0";"0";"0";"0";"0";"0";"0";"0";"0";"0";"0";"0";"0";"0";"0";"0";"0";"0";"0";"0";"0";"0";"0";"0";"0";"0";"0";"0";"0";"0";"0";"0";"0";"0";"0";"0";"0";"0";"0";"0";"0";"0";"0";"0";"0";"0";"0";"0";"0";"0";"0";"0";"0";"28";"Fungi";"Ascomycota";"Sordariomycetes";"Sordariales";"Chaetomiaceae";"Podospora"
"cf. Phialophora LCP-01-4479";"0";"9804";"5191";"4891";"7562";"4063";"0";"0";"0";"215";"692";"1103";"887";"885";"587";"3543";"0";"1266";"830";"1405";"205";"222";"2516";"1241";"2558";"1581";"478";"2179";"830";"1559";"5244";"6096";"268";"0";"4395";"0";"0";"661";"5283";"786";"459";"1940";"4862";"3494";"0";"6455";"0";"4001";"536";"8737";"0";"4263";"1635";"7666";"983";"3160";"0";"2739";"0";"0";"0";"1251";"1411";"647";"0";"0";"1954";"0";"734";"0";"3026";"1806";"1557";"3609";"0";"0";"3449";"637";"0";"2481";"0";"9415";"0";"0";"8349";"6038";"6462";"8986";"0";"5955";"514";"1565";"3134";"0";"0";"6730";"0";"5176";"0";"7148";"0";"1451";"0";"0";"798";"0";"2271";"4427";"71";"0";"0";"247";"2035";"529";"1936";"1687";"2485";"1277";"4302";"0";"0";"0";"0";"1561";"1589";"0";"611";"232";"3273";"1259";"0";"83";"1304";"93";"3083";"80";"573";"408";"0";"332";"0";"0";"0";"0";"0";"1808";"1200";"566";"3435";"0";"0";"4052";"271048";"Fungi";"Ascomycota";"Sordariomycetes";"Magnaporthales";"Magnaporthaceae";"NOCLASS"
"Coprinellus radicellus";"0";"0";"0";"0";"0";"0";"0";"0";"0";"0";"0";"0";"0";"0";"0";"0";"0";"0";"0";"0";"0";"0";"0";"0";"0";"0";"0";"0";"0";"0";"0";"0";"0";"0";"0";"0";"0";"0";"0";"0";"0";"0";"0";"0";"0";"0";"0";"0";"0";"0";"0";"0";"0";"0";"0";"0";"0";"0";"0";"0";"0";"0";"0";"0";"0";"0";"0";"0";"0";"0";"0";"0";"0";"0";"0";"0";"0";"0";"0";"0";"0";"0";"0";"0";"0";"0";"0";"0";"0";"0";"0";"0";"0";"0";"0";"0";"0";"0";"0";"0";"0";"0";"0";"0";"0";"0";"0";"0";"0";"0";"0";"0";"0";"0";"0";"0";"0";"0";"0";"0";"0";"0";"0";"0";"27";"0";"0";"0";"0";"0";"0";"0";"0";"0";"0";"0";"0";"0";"0";"0";"0";"0";"0";"0";"0";"0";"0";"0";"0";"0";"0";"0";"27";"Fungi";"Basidiomycota";"Agaricomycetes";"Agaricales";"Psathyrellaceae";"Coprinellus"
"Ascomycota sp. UNEX FECRGA 2012E648";"0";"0";"0";"0";"0";"0";"0";"0";"0";"15";"0";"0";"0";"0";"0";"0";"0";"0";"41";"0";"39";"0";"0";"0";"0";"0";"0";"0";"0";"0";"0";"0";"0";"0";"0";"0";"0";"0";"0";"0";"0";"0";"0";"0";"0";"0";"0";"0";"0";"0";"0";"0";"0";"0";"0";"0";"0";"0";"0";"0";"0";"0";"0";"0";"0";"0";"0";"0";"0";"0";"0";"0";"0";"68";"0";"0";"97";"0";"0";"0";"0";"0";"0";"0";"0";"0";"0";"0";"0";"0";"0";"0";"0";"0";"0";"0";"0";"0";"0";"0";"0";"0";"0";"0";"0";"0";"0";"0";"0";"0";"0";"0";"0";"0";"0";"0";"0";"0";"0";"0";"0";"0";"0";"0";"0";"0";"0";"0";"0";"0";"0";"0";"0";"0";"0";"0";"0";"0";"0";"0";"0";"0";"0";"0";"0";"0";"0";"0";"0";"0";"0";"0";"260";"Fungi";"Ascomycota";"NOID";"NOID";"NOID";"NOCLASS"
"Boubovia gelatinosa";"0";"0";"0";"0";"0";"0";"0";"0";"9245";"0";"0";"0";"0";"0";"0";"0";"62";"6341";"8";"0";"0";"1";"0";"0";"0";"0";"0";"0";"0";"0";"24";"0";"0";"0";"0";"0";"0";"0";"0";"0";"0";"0";"0";"0";"0";"0";"0";"0";"0";"17";"0";"0";"0";"0";"0";"0";"0";"0";"0";"0";"0";"0";"0";"0";"0";"0";"0";"0";"0";"0";"0";"0";"0";"0";"0";"10246";"0";"0";"0";"0";"0";"0";"0";"0";"0";"0";"9";"0";"0";"0";"0";"0";"0";"0";"0";"0";"0";"0";"0";"0";"0";"0";"0";"0";"0";"0";"0";"0";"0";"0";"0";"0";"0";"0";"0";"0";"0";"0";"0";"0";"0";"0";"0";"0";"9";"0";"0";"0";"0";"0";"0";"0";"0";"0";"14";"0";"0";"0";"0";"0";"0";"0";"0";"0";"0";"0";"0";"0";"0";"0";"0";"0";"25976";"Fungi";"Ascomycota";"Pezizomycetes";"Pezizales";"Pyronemataceae";"Boubovia"
"Thelebolus stercoreus";"0";"0";"0";"0";"0";"0";"0";"0";"0";"0";"0";"0";"0";"90";"8";"0";"0";"0";"13";"131";"0";"36";"41";"101";"0";"0";"0";"0";"0";"0";"0";"0";"0";"0";"0";"0";"0";"0";"0";"0";"307";"0";"0";"0";"0";"0";"0";"0";"0";"0";"0";"0";"7";"0";"0";"0";"0";"0";"0";"0";"0";"0";"0";"0";"0";"0";"0";"0";"0";"0";"0";"0";"0";"0";"0";"0";"66";"0";"0";"0";"0";"0";"0";"0";"0";"0";"70";"0";"0";"0";"0";"0";"0";"0";"0";"0";"0";"0";"0";"0";"0";"0";"0";"0";"69";"0";"0";"0";"467";"0";"0";"0";"0";"0";"0";"0";"0";"0";"0";"0";"0";"0";"0";"0";"1";"0";"0";"0";"0";"0";"0";"0";"0";"0";"415";"33";"260";"152";"0";"0";"0";"0";"0";"0";"0";"247";"0";"0";"0";"0";"0";"0";"2514";"Fungi";"Ascomycota";"Leotiomycetes";"Thelebolales";"Thelebolaceae";"Thelebolus"
"Mucor hiemalis";"0";"0";"0";"0";"0";"0";"0";"0";"0";"13";"0";"0";"0";"21";"168";"0";"0";"0";"0";"0";"0";"0";"0";"0";"0";"0";"0";"0";"0";"0";"14";"0";"0";"0";"0";"0";"0";"0";"0";"0";"0";"0";"0";"0";"0";"0";"0";"0";"0";"0";"0";"0";"0";"0";"0";"0";"0";"0";"0";"0";"0";"0";"0";"0";"0";"0";"0";"0";"0";"0";"0";"0";"0";"0";"0";"0";"0";"0";"0";"0";"0";"0";"0";"0";"0";"0";"0";"0";"0";"0";"0";"0";"0";"0";"0";"0";"0";"0";"0";"0";"0";"8";"0";"0";"0";"0";"0";"0";"0";"0";"0";"0";"0";"0";"0";"0";"0";"0";"0";"0";"0";"0";"0";"0";"0";"0";"0";"0";"0";"0";"0";"0";"0";"0";"0";"0";"0";"0";"0";"0";"0";"0";"0";"0";"0";"0";"0";"0";"0";"0";"0";"0";"224";"Fungi";"Mucoromycota";"Mucoromycetes";"Mucorales";"Mucoraceae";"Mucor"
"Sporormiella intermedia";"0";"0";"0";"0";"0";"0";"0";"0";"0";"0";"0";"0";"715";"24";"255";"0";"0";"0";"59";"426";"0";"194";"139";"177";"81";"654";"0";"0";"0";"0";"7";"10";"7";"0";"5";"0";"0";"0";"11";"102";"334";"17";"0";"0";"0";"0";"0";"0";"0";"0";"0";"0";"155";"0";"46";"0";"0";"0";"2753";"0";"0";"0";"0";"0";"0";"7421";"831";"0";"0";"0";"0";"0";"0";"9";"0";"0";"137";"0";"0";"0";"0";"0";"0";"0";"25";"0";"0";"0";"0";"0";"0";"256";"106";"0";"0";"0";"0";"0";"0";"0";"0";"138";"0";"0";"252";"0";"0";"11";"131";"0";"0";"0";"665";"0";"230";"170";"0";"116";"308";"0";"0";"0";"0";"0";"27";"0";"831";"637";"0";"776";"0";"27";"0";"123";"297";"208";"192";"132";"0";"0";"0";"0";"0";"0";"0";"0";"0";"660";"1214";"0";"0";"0";"22101";"Fungi";"Ascomycota";"Dothideomycetes";"Pleosporales";"Sporormiaceae";"Sporormiella"
"Curvularia protuberata";"0";"0";"0";"0";"0";"0";"0";"0";"0";"17";"0";"0";"0";"0";"0";"0";"0";"0";"0";"0";"0";"0";"0";"0";"0";"0";"0";"0";"0";"0";"0";"0";"0";"0";"0";"0";"0";"0";"0";"0";"0";"4";"0";"0";"0";"0";"0";"0";"0";"0";"0";"0";"0";"0";"0";"0";"0";"0";"0";"0";"0";"0";"0";"0";"0";"0";"0";"0";"0";"0";"0";"0";"0";"0";"0";"0";"0";"0";"0";"0";"0";"0";"0";"0";"0";"0";"0";"0";"0";"0";"0";"0";"0";"0";"0";"0";"0";"0";"0";"0";"0";"0";"0";"0";"0";"0";"0";"0";"0";"0";"0";"0";"0";"0";"0";"0";"0";"0";"0";"0";"0";"0";"0";"0";"0";"0";"0";"0";"0";"0";"0";"0";"0";"0";"0";"0";"0";"0";"0";"0";"0";"0";"0";"0";"0";"0";"0";"0";"0";"0";"0";"0";"21";"Fungi";"Ascomycota";"Dothideomycetes";"Pleosporales";"Pleosporaceae";"Curvularia"
"Ascobolus stercorarius";"0";"0";"0";"0";"0";"0";"0";"0";"0";"17";"0";"0";"0";"0";"0";"0";"0";"31";"4";"0";"0";"5";"6";"0";"0";"0";"0";"0";"37";"0";"0";"0";"0";"0";"0";"0";"0";"0";"0";"0";"0";"0";"0";"0";"0";"0";"0";"0";"0";"0";"0";"0";"0";"0";"0";"0";"0";"0";"0";"0";"0";"0";"0";"0";"0";"0";"0";"0";"0";"0";"0";"0";"0";"0";"0";"0";"0";"0";"0";"0";"0";"0";"0";"0";"0";"0";"0";"0";"0";"0";"0";"0";"0";"0";"0";"0";"0";"0";"0";"0";"0";"0";"0";"0";"0";"0";"0";"0";"0";"0";"0";"0";"0";"0";"0";"0";"0";"0";"0";"0";"0";"0";"0";"0";"108";"0";"0";"0";"0";"0";"0";"0";"0";"0";"0";"0";"0";"0";"0";"0";"0";"0";"0";"0";"0";"0";"0";"0";"0";"0";"0";"0";"208";"Fungi";"Ascomycota";"Pezizomycetes";"Pezizales";"Ascobolaceae";"Ascobolus"
"Ascobolus equinus";"0";"0";"0";"0";"0";"177";"0";"0";"0";"1024";"4228";"0";"1771";"2055";"6331";"42";"0";"5";"3259";"3708";"74";"1395";"732";"5657";"0";"140";"0";"0";"58";"6813";"672";"457";"8634";"0";"3302";"0";"0";"7900";"1017";"4363";"5687";"1143";"0";"0";"0";"0";"0";"0";"1343";"0";"0";"0";"132";"0";"0";"0";"0";"0";"0";"0";"0";"1578";"0";"451";"0";"0";"330";"0";"0";"0";"711";"0";"0";"1";"0";"0";"915";"0";"0";"0";"0";"0";"0";"0";"0";"0";"768";"1260";"0";"0";"0";"3";"0";"0";"10246";"0";"0";"1344";"0";"146";"0";"2649";"0";"4088";"503";"0";"823";"595";"7335";"7542";"0";"7453";"232";"2055";"2087";"3443";"1672";"5037";"3646";"0";"0";"0";"0";"1027";"588";"1125";"1648";"2076";"6973";"1200";"0";"7146";"707";"1528";"1235";"2441";"3037";"3495";"0";"0";"1530";"0";"0";"10246";"10246";"4168";"2833";"3121";"453";"0";"0";"69";"205924";"Fungi";"Ascomycota";"Pezizomycetes";"Pezizales";"Ascobolaceae";"Ascobolus"
"Panaeolus retirugis";"0";"0";"0";"0";"0";"0";"10246";"0";"0";"0";"0";"0";"0";"0";"0";"0";"0";"0";"0";"0";"0";"0";"0";"0";"0";"0";"0";"0";"0";"0";"0";"0";"0";"0";"0";"0";"0";"0";"0";"0";"0";"0";"0";"0";"0";"0";"0";"0";"0";"0";"0";"0";"0";"0";"0";"0";"0";"0";"0";"0";"0";"0";"0";"0";"0";"0";"0";"0";"0";"0";"0";"0";"0";"0";"0";"0";"0";"0";"0";"0";"0";"0";"0";"0";"0";"0";"0";"0";"0";"0";"0";"0";"0";"0";"0";"0";"0";"0";"10246";"0";"0";"0";"0";"0";"0";"0";"0";"0";"0";"0";"0";"0";"0";"0";"0";"0";"0";"0";"0";"0";"0";"0";"0";"0";"0";"0";"0";"0";"0";"0";"0";"0";"0";"0";"0";"0";"0";"0";"0";"0";"0";"0";"0";"0";"0";"0";"0";"0";"0";"0";"0";"0";"20492";"Fungi";"Basidiomycota";"Agaricomycetes";"Agaricales";"Bolbitiaceae";"Panaeolus"
"Saccharomyces sp.";"10246";"0";"0";"0";"0";"0";"0";"10246";"0";"0";"0";"0";"0";"0";"0";"0";"0";"0";"0";"0";"0";"0";"0";"0";"0";"0";"0";"0";"0";"0";"0";"0";"0";"0";"0";"0";"0";"0";"0";"0";"0";"0";"0";"0";"0";"0";"0";"0";"0";"0";"0";"0";"0";"0";"0";"0";"0";"0";"0";"0";"0";"0";"0";"0";"0";"0";"0";"0";"0";"0";"0";"0";"0";"0";"0";"0";"0";"0";"0";"0";"0";"0";"0";"0";"0";"0";"0";"0";"0";"0";"0";"0";"0";"0";"0";"0";"0";"0";"0";"0";"0";"0";"0";"0";"0";"0";"0";"0";"0";"0";"0";"0";"0";"0";"0";"0";"0";"0";"0";"0";"0";"0";"0";"0";"0";"0";"0";"0";"0";"0";"0";"0";"0";"0";"0";"0";"0";"0";"0";"0";"0";"0";"0";"0";"0";"0";"0";"0";"0";"0";"0";"0";"20492";"Fungi";"Ascomycota";"Saccharomycetes";"Saccharomycetales";"Saccharomycetaceae";"Saccharomyces"
"Podospora sp. SC4L3-1";"0";"442";"1197";"1686";"2186";"2669";"0";"0";"0";"129";"217";"2087";"1246";"152";"274";"2435";"0";"0";"266";"622";"46";"117";"607";"599";"240";"798";"0";"642";"154";"562";"2174";"677";"87";"0";"816";"0";"0";"684";"1557";"744";"145";"4864";"4496";"6752";"10246";"2872";"0";"3680";"6966";"1192";"10246";"5341";"3652";"1681";"5275";"4512";"6514";"6350";"2331";"0";"10246";"3824";"6073";"3956";"0";"0";"1745";"0";"6313";"0";"1079";"0";"5710";"662";"0";"0";"2748";"0";"0";"480";"0";"645";"0";"0";"1693";"4208";"992";"0";"0";"1298";"789";"2466";"5975";"0";"0";"3516";"0";"2836";"0";"2952";"0";"834";"0";"0";"236";"0";"555";"1223";"152";"0";"3599";"630";"556";"348";"188";"673";"1208";"1280";"137";"0";"0";"0";"0";"39";"275";"0";"672";"360";"0";"815";"0";"0";"171";"0";"549";"53";"764";"81";"0";"0";"1680";"0";"0";"0";"0";"0";"64";"516";"0";"0";"0";"1553";"202644";"Fungi";"Ascomycota";"Sordariomycetes";"Sordariales";"Chaetomiaceae";"Podospora"
"Schizothecium miniglutinans";"0";"0";"0";"0";"0";"0";"0";"0";"0";"0";"0";"0";"0";"0";"0";"0";"0";"0";"0";"0";"0";"0";"0";"0";"0";"0";"0";"0";"0";"0";"0";"0";"0";"0";"0";"0";"0";"0";"0";"0";"0";"0";"0";"0";"0";"0";"0";"0";"0";"0";"0";"0";"0";"0";"0";"0";"0";"0";"0";"0";"0";"0";"0";"0";"0";"0";"0";"0";"0";"0";"0";"0";"0";"0";"0";"0";"0";"0";"0";"0";"0";"0";"0";"0";"0";"0";"0";"0";"0";"0";"0";"0";"0";"0";"0";"0";"0";"0";"0";"0";"0";"2";"0";"0";"0";"0";"0";"0";"0";"0";"0";"0";"0";"0";"0";"0";"0";"0";"0";"0";"0";"0";"0";"0";"0";"0";"0";"0";"0";"0";"0";"0";"0";"0";"0";"0";"0";"0";"0";"0";"0";"0";"0";"0";"0";"0";"0";"0";"0";"0";"0";"0";"2";"Fungi";"Ascomycota";"Sordariomycetes";"Sordariales";"Lasiosphaeriaceae";"Schizothecium"
"Ascobolus immersus";"0";"0";"0";"0";"0";"0";"0";"0";"0";"687";"689";"0";"3770";"5143";"1079";"113";"0";"73";"1832";"1719";"14";"7375";"2258";"456";"5809";"5127";"0";"1801";"252";"68";"129";"99";"2";"10246";"46";"0";"306";"78";"100";"899";"424";"16";"0";"0";"0";"0";"0";"0";"0";"0";"0";"0";"195";"0";"0";"0";"0";"0";"0";"0";"0";"0";"0";"0";"0";"0";"542";"0";"0";"0";"0";"0";"0";"39";"10246";"0";"928";"1019";"0";"0";"0";"0";"0";"0";"0";"0";"159";"0";"0";"0";"0";"9";"0";"0";"0";"0";"0";"0";"0";"0";"10246";"482";"10246";"6158";"2205";"926";"93";"98";"258";"0";"6647";"248";"4528";"5188";"2168";"786";"210";"798";"280";"0";"0";"9484";"10246";"5436";"2734";"6275";"5165";"3729";"0";"2237";"4333";"1789";"436";"6074";"1714";"6046";"2491";"2567";"0";"0";"0";"2240";"0";"0";"0";"1307";"4083";"1270";"2047";"0";"0";"1067";"198082";"Fungi";"Ascomycota";"Pezizomycetes";"Pezizales";"Ascobolaceae";"Ascobolus"
"Cyberlindnera misumaiensis";"0";"0";"0";"0";"0";"0";"0";"0";"0";"0";"0";"0";"0";"0";"0";"0";"0";"0";"0";"0";"0";"0";"0";"0";"0";"0";"0";"0";"0";"0";"0";"0";"0";"0";"0";"0";"0";"0";"0";"0";"0";"0";"0";"0";"0";"0";"0";"0";"0";"0";"0";"0";"0";"0";"0";"0";"0";"0";"0";"0";"0";"0";"0";"0";"0";"0";"0";"0";"0";"0";"0";"0";"0";"0";"0";"0";"0";"0";"0";"0";"0";"0";"0";"0";"0";"0";"0";"0";"0";"0";"0";"0";"0";"0";"0";"0";"0";"0";"0";"0";"0";"0";"0";"0";"0";"0";"0";"0";"0";"0";"0";"0";"0";"0";"0";"0";"0";"0";"0";"0";"0";"0";"0";"0";"0";"0";"0";"0";"0";"0";"0";"0";"0";"1889";"0";"0";"0";"0";"0";"0";"0";"0";"0";"0";"0";"0";"0";"0";"0";"0";"0";"0";"1889";"Fungi";"Ascomycota";"Saccharomycetes";"Saccharomycetales";"Phaffomycetaceae";"Cyberlindnera"
"Saccharomyces paradoxus";"0";"0";"0";"0";"0";"0";"0";"0";"0";"0";"0";"0";"0";"0";"0";"0";"0";"0";"0";"0";"0";"0";"0";"0";"0";"0";"0";"0";"0";"0";"0";"0";"0";"0";"0";"0";"0";"0";"0";"0";"0";"0";"0";"0";"0";"0";"0";"0";"0";"0";"0";"0";"0";"0";"0";"0";"0";"0";"0";"0";"0";"0";"0";"0";"0";"0";"0";"0";"0";"0";"0";"0";"0";"0";"0";"0";"187";"0";"0";"0";"0";"0";"0";"0";"0";"0";"0";"0";"0";"0";"0";"0";"0";"0";"0";"0";"0";"0";"0";"0";"0";"0";"0";"0";"0";"0";"0";"0";"0";"0";"0";"0";"0";"0";"0";"0";"0";"0";"0";"0";"0";"0";"0";"0";"0";"0";"0";"0";"0";"0";"0";"0";"0";"0";"0";"0";"0";"0";"0";"0";"0";"0";"0";"0";"0";"0";"0";"0";"0";"0";"0";"0";"187";"Fungi";"Ascomycota";"Saccharomycetes";"Saccharomycetales";"Saccharomycetaceae";"Saccharomyces"
"Preussia flanaganii";"0";"0";"0";"0";"0";"0";"0";"0";"0";"0";"0";"0";"0";"3";"0";"0";"0";"0";"19";"26";"0";"76";"4";"0";"0";"0";"0";"0";"0";"0";"12";"9";"0";"0";"0";"0";"0";"0";"66";"0";"178";"0";"0";"0";"0";"44";"0";"0";"0";"0";"0";"0";"0";"46";"0";"0";"0";"0";"0";"0";"0";"0";"0";"0";"0";"0";"0";"0";"0";"0";"0";"0";"0";"54";"0";"0";"185";"0";"0";"0";"0";"0";"0";"0";"0";"0";"0";"0";"0";"0";"33";"87";"0";"0";"0";"0";"0";"0";"0";"0";"0";"1";"0";"0";"0";"0";"0";"0";"11";"0";"0";"0";"0";"0";"0";"0";"0";"0";"0";"0";"0";"0";"0";"0";"5";"0";"0";"0";"0";"0";"0";"0";"0";"0";"0";"42";"23";"0";"0";"0";"0";"0";"0";"0";"0";"176";"116";"132";"432";"0";"0";"0";"1780";"Fungi";"Ascomycota";"Dothideomycetes";"Pleosporales";"Sporormiaceae";"Preussia"
"Cercophora sp. TMS-2011";"0";"0";"0";"0";"0";"0";"0";"0";"0";"67";"0";"0";"0";"13";"0";"263";"0";"0";"15";"166";"411";"20";"0";"0";"0";"0";"0";"0";"0";"0";"13";"0";"0";"0";"0";"0";"0";"0";"14";"0";"0";"0";"0";"0";"0";"52";"0";"0";"0";"0";"0";"0";"0";"16";"0";"0";"0";"0";"0";"0";"0";"0";"0";"0";"0";"0";"0";"0";"0";"0";"0";"0";"0";"442";"0";"0";"207";"0";"0";"0";"0";"0";"0";"0";"0";"0";"0";"0";"0";"0";"11";"0";"0";"0";"0";"0";"0";"0";"0";"0";"0";"0";"0";"0";"0";"0";"13";"8";"0";"0";"0";"0";"0";"0";"0";"0";"0";"0";"0";"0";"0";"0";"0";"0";"0";"0";"0";"0";"0";"0";"0";"0";"0";"0";"0";"0";"0";"0";"0";"0";"0";"0";"0";"0";"0";"0";"0";"0";"0";"0";"0";"0";"1731";"Fungi";"Ascomycota";"Sordariomycetes";"Sordariales";"Lasiosphaeriaceae";"Cercophora"
"Lachnellula fuscosanguinea";"0";"0";"0";"0";"0";"0";"0";"0";"0";"0";"0";"0";"0";"0";"0";"0";"0";"0";"0";"0";"0";"0";"0";"0";"0";"0";"0";"0";"0";"0";"0";"0";"0";"0";"0";"0";"0";"0";"0";"0";"0";"0";"0";"0";"0";"0";"0";"0";"0";"0";"0";"0";"0";"0";"0";"0";"0";"0";"0";"0";"0";"0";"0";"0";"0";"0";"0";"0";"0";"0";"0";"0";"0";"0";"0";"0";"0";"0";"0";"0";"0";"0";"0";"0";"0";"0";"17";"0";"0";"0";"0";"0";"0";"0";"0";"0";"0";"0";"0";"0";"0";"0";"0";"0";"0";"0";"0";"0";"0";"0";"0";"0";"0";"0";"0";"0";"0";"0";"0";"0";"0";"0";"0";"0";"0";"0";"0";"0";"0";"0";"0";"0";"0";"0";"0";"0";"0";"0";"0";"0";"0";"0";"0";"0";"0";"0";"0";"0";"0";"0";"0";"0";"17";"Fungi";"Ascomycota";"Leotiomycetes";"Helotiales";"Lachnaceae";"Lachnellula"
"Coprotus sexdecimsporus";"0";"0";"0";"0";"0";"0";"0";"0";"0";"0";"0";"0";"0";"0";"0";"58";"0";"0";"44";"35";"14";"0";"35";"0";"0";"0";"0";"0";"0";"305";"66";"84";"67";"0";"113";"0";"0";"0";"207";"0";"0";"0";"0";"0";"0";"30";"0";"0";"0";"11";"0";"0";"0";"0";"0";"0";"0";"0";"0";"0";"0";"0";"0";"0";"0";"0";"110";"0";"0";"0";"0";"0";"0";"106";"0";"0";"12";"0";"0";"0";"0";"0";"0";"0";"0";"0";"0";"0";"0";"0";"0";"0";"0";"0";"0";"0";"0";"0";"0";"0";"0";"2";"0";"0";"70";"0";"81";"49";"13";"0";"0";"0";"0";"0";"0";"0";"0";"0";"0";"0";"0";"0";"0";"0";"51";"0";"0";"0";"0";"0";"0";"0";"0";"0";"104";"0";"0";"0";"0";"0";"0";"0";"0";"0";"0";"0";"0";"0";"0";"0";"0";"0";"1667";"Fungi";"Ascomycota";"Pezizomycetes";"Pezizales";"NOID";"Coprotus"
"Mucor fragilis";"0";"0";"0";"0";"0";"0";"0";"0";"0";"0";"0";"0";"0";"8";"152";"0";"0";"0";"0";"0";"0";"0";"0";"0";"0";"0";"0";"0";"0";"0";"0";"0";"0";"0";"0";"0";"0";"0";"0";"0";"0";"0";"0";"0";"0";"0";"0";"0";"0";"0";"0";"0";"0";"0";"0";"0";"0";"0";"0";"0";"0";"0";"0";"0";"0";"0";"0";"0";"0";"0";"0";"0";"0";"0";"0";"0";"0";"0";"0";"0";"0";"0";"0";"0";"0";"0";"0";"0";"0";"0";"0";"0";"0";"0";"0";"0";"0";"0";"0";"0";"0";"0";"0";"0";"0";"0";"0";"0";"0";"0";"0";"0";"0";"0";"0";"0";"0";"0";"0";"0";"0";"0";"0";"0";"0";"0";"0";"0";"0";"0";"0";"0";"0";"0";"0";"0";"0";"0";"0";"0";"0";"0";"0";"0";"0";"0";"0";"0";"0";"0";"0";"0";"160";"Fungi";"Mucoromycota";"Mucoromycetes";"Mucorales";"Mucoraceae";"Mucor"
"Sordariomycetes sp.";"0";"0";"0";"0";"0";"0";"0";"0";"0";"0";"0";"0";"0";"0";"0";"0";"0";"0";"0";"0";"2";"0";"0";"0";"0";"0";"0";"0";"0";"0";"0";"0";"0";"0";"0";"0";"0";"0";"0";"0";"0";"0";"0";"0";"0";"0";"0";"0";"0";"0";"0";"0";"0";"0";"0";"0";"0";"0";"0";"0";"0";"0";"0";"0";"0";"0";"0";"0";"0";"0";"0";"0";"0";"0";"0";"0";"0";"0";"0";"0";"0";"0";"0";"0";"0";"0";"0";"0";"0";"0";"120";"0";"0";"0";"0";"0";"0";"0";"0";"0";"0";"0";"0";"0";"0";"0";"0";"0";"0";"0";"0";"0";"0";"0";"0";"0";"0";"0";"0";"0";"0";"0";"0";"0";"0";"0";"0";"0";"0";"0";"0";"0";"0";"0";"0";"28";"0";"0";"0";"0";"0";"0";"0";"0";"0";"0";"0";"0";"0";"0";"0";"0";"150";"Fungi";"Ascomycota";"Sordariomycetes";"NOID";"NOID";"NOCLASS"
"Sordaria fimicola";"0";"0";"0";"0";"0";"0";"0";"0";"0";"0";"0";"0";"0";"0";"0";"0";"0";"0";"0";"0";"0";"7";"0";"0";"0";"0";"0";"0";"0";"0";"0";"0";"0";"0";"0";"0";"0";"0";"0";"0";"0";"0";"0";"0";"0";"0";"0";"0";"0";"0";"0";"0";"0";"0";"0";"0";"0";"0";"0";"0";"0";"0";"0";"0";"0";"0";"0";"0";"0";"0";"0";"0";"0";"0";"0";"0";"0";"0";"0";"0";"0";"0";"0";"0";"0";"0";"0";"0";"0";"0";"0";"0";"0";"0";"0";"0";"0";"0";"0";"0";"0";"0";"0";"0";"0";"0";"0";"0";"7";"0";"0";"0";"0";"0";"0";"0";"0";"0";"0";"0";"0";"0";"0";"0";"0";"0";"0";"0";"0";"0";"0";"0";"0";"0";"0";"0";"0";"0";"0";"0";"0";"0";"0";"0";"0";"0";"0";"0";"0";"0";"0";"0";"14";"Fungi";"Ascomycota";"Sordariomycetes";"Sordariales";"Sordariaceae";"Sordaria"
"Ascomycota sp.";"0";"0";"0";"0";"0";"0";"0";"0";"0";"4392";"4420";"7056";"477";"1362";"781";"2823";"0";"0";"2688";"1324";"9338";"58";"14";"187";"548";"1176";"194";"2182";"3137";"0";"246";"461";"0";"0";"195";"0";"0";"0";"631";"1253";"0";"0";"0";"0";"0";"0";"0";"0";"0";"69";"0";"0";"0";"0";"0";"26";"0";"0";"0";"0";"0";"0";"0";"0";"0";"0";"2037";"0";"0";"0";"5430";"0";"0";"5020";"0";"0";"853";"4350";"0";"0";"0";"0";"0";"0";"0";"0";"0";"0";"0";"0";"0";"0";"0";"0";"0";"0";"0";"0";"0";"0";"0";"100";"0";"0";"2344";"9320";"4891";"1891";"16";"0";"0";"0";"320";"0";"2789";"243";"1635";"291";"575";"10246";"0";"762";"0";"0";"2650";"0";"0";"2234";"0";"933";"5913";"895";"6322";"539";"1917";"751";"680";"2309";"0";"0";"7036";"0";"0";"0";"0";"1753";"0";"0";"0";"2339";"0";"2498";"136920";"Fungi";"Ascomycota";"NOID";"NOID";"NOID";"NOCLASS"
"Pseudocamarosporium brabeji";"0";"0";"0";"0";"0";"1326";"0";"0";"0";"0";"0";"0";"0";"0";"0";"0";"0";"0";"0";"0";"0";"0";"0";"0";"0";"0";"0";"0";"0";"0";"0";"0";"0";"0";"0";"0";"0";"0";"0";"0";"0";"0";"0";"0";"0";"0";"0";"0";"0";"0";"0";"0";"0";"0";"0";"0";"0";"0";"0";"0";"0";"0";"0";"0";"0";"0";"0";"0";"0";"0";"0";"0";"0";"0";"0";"0";"0";"0";"0";"0";"0";"0";"0";"0";"0";"0";"0";"0";"0";"0";"0";"0";"0";"0";"0";"0";"0";"0";"0";"0";"0";"0";"0";"0";"0";"0";"0";"0";"0";"0";"0";"0";"0";"0";"0";"0";"0";"0";"0";"0";"0";"0";"0";"0";"0";"0";"0";"0";"0";"0";"0";"0";"0";"0";"0";"0";"14";"0";"0";"0";"0";"0";"0";"0";"0";"0";"0";"0";"0";"0";"0";"0";"1340";"Fungi";"Ascomycota";"Dothideomycetes";"Pleosporales";"Didymosphaeriaceae";"Pseudocamarosporium"
"Paraphoma sp.";"0";"0";"0";"0";"0";"0";"0";"0";"0";"0";"0";"0";"0";"0";"0";"0";"0";"0";"0";"0";"0";"0";"0";"0";"0";"0";"0";"0";"0";"0";"0";"0";"0";"0";"0";"0";"0";"0";"0";"0";"0";"0";"0";"0";"0";"0";"0";"0";"0";"0";"0";"0";"0";"0";"0";"0";"0";"0";"0";"0";"0";"0";"0";"0";"0";"0";"0";"0";"0";"0";"0";"0";"0";"0";"0";"0";"0";"0";"0";"0";"0";"0";"0";"0";"0";"0";"0";"0";"0";"0";"0";"0";"0";"0";"0";"0";"0";"0";"0";"0";"0";"0";"0";"0";"0";"0";"0";"0";"0";"0";"0";"0";"0";"0";"0";"0";"0";"0";"0";"0";"0";"0";"0";"0";"0";"0";"0";"0";"0";"0";"0";"0";"0";"0";"0";"0";"0";"0";"0";"0";"0";"0";"0";"0";"0";"0";"130";"0";"0";"0";"0";"0";"130";"Fungi";"Ascomycota";"Dothideomycetes";"Pleosporales";"Phaeosphaeriaceae";"Paraphoma"
"Ascobolus denudatus";"0";"0";"0";"0";"0";"0";"0";"0";"0";"0";"0";"0";"0";"0";"0";"0";"0";"0";"0";"0";"0";"0";"0";"0";"0";"0";"0";"0";"13";"0";"0";"0";"0";"0";"0";"0";"0";"0";"0";"0";"0";"0";"0";"0";"0";"0";"0";"0";"0";"0";"0";"0";"0";"0";"0";"0";"0";"0";"0";"0";"0";"0";"0";"0";"0";"0";"0";"0";"0";"0";"0";"0";"0";"0";"0";"0";"0";"0";"0";"0";"0";"0";"0";"0";"0";"0";"0";"0";"0";"0";"0";"0";"0";"0";"0";"0";"0";"0";"0";"0";"0";"0";"0";"0";"0";"0";"0";"0";"0";"0";"0";"0";"0";"0";"0";"0";"0";"0";"0";"0";"0";"0";"0";"0";"0";"0";"0";"0";"0";"0";"0";"0";"0";"0";"0";"0";"0";"0";"0";"0";"0";"0";"0";"0";"0";"0";"0";"0";"0";"0";"0";"0";"13";"Fungi";"Ascomycota";"Pezizomycetes";"Pezizales";"Ascobolaceae";"Ascobolus"
"Podospora sp.";"0";"0";"0";"0";"0";"0";"0";"0";"0";"0";"0";"0";"0";"0";"0";"0";"0";"7";"0";"0";"0";"0";"0";"0";"0";"0";"0";"0";"0";"0";"0";"0";"0";"0";"0";"0";"0";"0";"0";"0";"0";"2";"0";"0";"0";"0";"0";"0";"0";"0";"0";"0";"0";"0";"0";"0";"0";"0";"0";"0";"0";"0";"0";"0";"0";"0";"0";"0";"0";"0";"0";"0";"0";"0";"0";"0";"0";"0";"0";"0";"0";"0";"0";"0";"0";"0";"0";"0";"0";"0";"0";"12";"0";"0";"0";"0";"0";"0";"0";"0";"0";"0";"0";"0";"0";"0";"0";"0";"5";"0";"0";"0";"0";"0";"0";"0";"0";"0";"0";"0";"0";"0";"0";"0";"20";"0";"0";"0";"0";"0";"0";"0";"0";"0";"0";"0";"82";"0";"0";"0";"0";"0";"0";"0";"0";"0";"0";"0";"0";"0";"0";"0";"128";"Fungi";"Ascomycota";"Sordariomycetes";"Sordariales";"Chaetomiaceae";"Podospora"
"Apiotrichum lignicola";"0";"0";"0";"0";"0";"122";"0";"0";"0";"0";"0";"0";"0";"0";"0";"0";"0";"0";"0";"0";"0";"0";"0";"0";"0";"0";"0";"0";"0";"0";"0";"0";"0";"0";"0";"0";"0";"0";"0";"0";"0";"0";"0";"0";"0";"0";"0";"0";"0";"0";"0";"0";"0";"0";"0";"0";"0";"0";"0";"0";"0";"0";"0";"0";"0";"0";"0";"0";"0";"0";"0";"0";"0";"0";"0";"0";"0";"0";"0";"0";"0";"0";"0";"0";"0";"0";"0";"0";"0";"0";"0";"0";"0";"0";"0";"0";"0";"0";"0";"0";"0";"0";"0";"0";"0";"0";"0";"0";"0";"0";"0";"0";"0";"0";"0";"0";"0";"0";"0";"0";"0";"0";"0";"0";"0";"0";"0";"0";"0";"0";"0";"0";"0";"0";"0";"0";"0";"0";"0";"0";"0";"0";"0";"0";"0";"0";"0";"0";"0";"0";"0";"0";"122";"Fungi";"Basidiomycota";"Tremellomycetes";"Trichosporonales";"Trichosporonaceae";"Apiotrichum"
"Ascobolus lineolatus";"0";"0";"0";"0";"0";"0";"0";"0";"0";"1099";"0";"0";"0";"0";"0";"0";"0";"0";"461";"0";"9";"100";"0";"0";"0";"0";"0";"0";"0";"0";"0";"0";"0";"0";"0";"0";"0";"0";"0";"0";"0";"0";"0";"0";"0";"0";"0";"0";"0";"0";"0";"0";"0";"0";"0";"0";"0";"0";"0";"0";"0";"0";"0";"0";"0";"0";"0";"0";"0";"10246";"0";"0";"0";"0";"0";"0";"68";"0";"0";"0";"0";"0";"0";"0";"0";"0";"0";"0";"0";"0";"0";"0";"0";"0";"0";"0";"0";"0";"0";"0";"0";"5";"0";"0";"0";"0";"0";"0";"0";"0";"0";"0";"0";"0";"0";"0";"0";"0";"0";"0";"0";"0";"0";"0";"0";"0";"0";"0";"0";"0";"0";"0";"0";"0";"0";"0";"59";"0";"0";"0";"0";"0";"0";"0";"0";"0";"0";"0";"0";"0";"0";"49";"12096";"Fungi";"Ascomycota";"Pezizomycetes";"Pezizales";"Ascobolaceae";"Ascobolus"
"Pseudoconiothyrium broussonetiae";"0";"0";"0";"0";"0";"0";"0";"0";"0";"0";"0";"0";"0";"0";"0";"0";"0";"0";"0";"0";"0";"0";"0";"0";"0";"0";"0";"0";"0";"0";"0";"0";"0";"0";"0";"0";"0";"0";"0";"0";"0";"0";"0";"0";"0";"0";"0";"0";"0";"0";"0";"0";"0";"0";"0";"0";"0";"0";"0";"0";"0";"0";"0";"0";"0";"0";"0";"0";"0";"0";"0";"0";"0";"0";"0";"0";"0";"0";"0";"0";"0";"0";"0";"0";"0";"0";"0";"0";"0";"0";"0";"12";"0";"0";"0";"0";"0";"0";"0";"0";"0";"0";"0";"0";"0";"0";"0";"0";"0";"0";"0";"0";"0";"0";"0";"0";"0";"0";"0";"0";"0";"0";"0";"0";"0";"0";"0";"0";"0";"0";"0";"0";"0";"0";"0";"0";"0";"0";"0";"0";"0";"0";"0";"0";"0";"0";"0";"0";"0";"0";"0";"0";"12";"Fungi";"Ascomycota";"Dothideomycetes";"Pleosporales";"Dictyosporiaceae";"Pseudoconiothyrium"
"Dothideomycetes sp.";"0";"0";"3858";"3669";"498";"751";"0";"0";"0";"0";"0";"0";"405";"73";"21";"213";"0";"0";"54";"191";"0";"58";"36";"832";"243";"0";"0";"406";"0";"635";"399";"1681";"85";"0";"309";"0";"0";"332";"769";"816";"1756";"776";"436";"0";"0";"616";"0";"2311";"560";"81";"0";"397";"544";"738";"3342";"2548";"3732";"1091";"5162";"0";"0";"1785";"2762";"1794";"2765";"2825";"2205";"10246";"2964";"0";"0";"0";"0";"8";"0";"0";"273";"0";"0";"0";"10246";"4";"0";"0";"17";"0";"701";"0";"0";"0";"8394";"5683";"114";"10246";"0";"0";"0";"0";"0";"0";"0";"482";"0";"0";"0";"0";"178";"138";"579";"2704";"0";"1481";"28";"0";"193";"370";"916";"399";"167";"0";"0";"0";"0";"0";"51";"0";"0";"187";"0";"0";"0";"128";"257";"0";"27";"200";"405";"95";"0";"177";"0";"0";"0";"0";"0";"258";"396";"131";"0";"4097";"0";"53";"117553";"Fungi";"Ascomycota";"Dothideomycetes";"NOID";"NOID";"NOCLASS"
"Triparticalcar sp.";"0";"0";"0";"0";"0";"0";"0";"0";"0";"0";"0";"0";"0";"0";"0";"0";"0";"0";"0";"0";"0";"0";"0";"0";"0";"0";"0";"0";"0";"0";"5";"0";"0";"0";"0";"0";"0";"0";"57";"0";"0";"0";"0";"0";"0";"0";"0";"0";"0";"0";"0";"0";"0";"0";"0";"0";"0";"0";"0";"0";"0";"0";"0";"0";"0";"0";"0";"0";"0";"0";"0";"0";"0";"0";"0";"0";"0";"0";"0";"0";"0";"0";"0";"0";"15";"0";"0";"0";"0";"0";"0";"0";"0";"0";"0";"0";"0";"0";"0";"0";"0";"20";"0";"0";"0";"0";"0";"14";"0";"0";"0";"0";"0";"0";"0";"0";"0";"0";"0";"0";"0";"0";"0";"0";"0";"0";"0";"0";"0";"0";"0";"0";"0";"0";"0";"0";"0";"0";"0";"0";"0";"0";"0";"0";"0";"0";"0";"0";"0";"0";"0";"0";"111";"Fungi";"Chytridiomycota";"Chytridiomycetes";"Spizellomycetales";"Spizellomycetaceae";"Triparticalcar"
"Panaeolus papilionaceus";"0";"0";"0";"0";"0";"0";"0";"0";"0";"0";"0";"0";"0";"0";"0";"0";"0";"0";"0";"0";"0";"0";"0";"0";"0";"0";"0";"0";"0";"0";"0";"0";"0";"0";"0";"0";"0";"0";"0";"0";"0";"0";"0";"0";"0";"0";"0";"0";"0";"0";"0";"0";"0";"0";"0";"0";"0";"0";"0";"0";"0";"0";"0";"0";"0";"0";"0";"0";"0";"0";"0";"0";"0";"0";"0";"0";"0";"0";"10246";"0";"0";"0";"0";"0";"0";"0";"0";"0";"0";"0";"0";"0";"0";"0";"0";"0";"0";"0";"0";"0";"0";"0";"0";"0";"0";"0";"0";"0";"0";"0";"0";"0";"0";"0";"0";"0";"0";"0";"0";"0";"0";"0";"0";"0";"0";"0";"0";"0";"0";"0";"0";"0";"0";"0";"0";"0";"0";"0";"0";"0";"0";"0";"0";"0";"0";"0";"0";"0";"0";"0";"0";"0";"10246";"Fungi";"Basidiomycota";"Agaricomycetes";"Agaricales";"Bolbitiaceae";"Panaeolus"
"Podospora conica";"0";"0";"0";"0";"0";"0";"0";"0";"0";"0";"0";"0";"0";"0";"0";"0";"0";"0";"0";"0";"0";"0";"0";"0";"0";"0";"0";"0";"0";"0";"0";"0";"0";"0";"0";"0";"0";"0";"0";"0";"0";"0";"0";"0";"0";"0";"0";"0";"0";"0";"0";"0";"0";"0";"0";"0";"0";"0";"0";"0";"0";"0";"0";"0";"0";"0";"0";"0";"0";"0";"0";"0";"0";"0";"0";"0";"0";"0";"0";"0";"0";"0";"0";"0";"0";"0";"0";"0";"0";"0";"0";"0";"0";"0";"0";"0";"10246";"0";"0";"0";"0";"0";"0";"0";"0";"0";"0";"0";"0";"0";"0";"0";"0";"0";"0";"0";"0";"0";"0";"0";"0";"0";"0";"0";"0";"0";"0";"0";"0";"0";"0";"0";"0";"0";"0";"0";"0";"0";"0";"0";"0";"0";"0";"0";"0";"0";"0";"0";"0";"0";"0";"0";"10246";"Fungi";"Ascomycota";"Sordariomycetes";"Sordariales";"Chaetomiaceae";"Podospora"
"Stemphylium globuliferum";"0";"0";"0";"0";"0";"0";"0";"0";"0";"0";"0";"0";"0";"0";"0";"0";"0";"0";"0";"0";"0";"0";"0";"0";"0";"0";"0";"0";"0";"0";"0";"0";"0";"0";"0";"0";"0";"0";"0";"0";"0";"0";"0";"0";"0";"0";"0";"0";"0";"0";"0";"0";"0";"0";"0";"0";"0";"0";"0";"0";"0";"0";"0";"0";"0";"0";"0";"0";"0";"0";"0";"0";"0";"0";"0";"0";"0";"0";"0";"0";"0";"0";"0";"0";"0";"0";"0";"0";"0";"0";"0";"0";"0";"0";"0";"0";"0";"0";"0";"0";"0";"0";"0";"0";"0";"0";"0";"0";"0";"0";"0";"0";"0";"0";"0";"0";"0";"0";"0";"0";"10246";"0";"0";"0";"0";"0";"0";"0";"0";"0";"0";"0";"0";"0";"0";"0";"0";"0";"0";"0";"0";"0";"0";"0";"0";"0";"0";"0";"0";"0";"0";"0";"10246";"Fungi";"Ascomycota";"Dothideomycetes";"Pleosporales";"Pleosporaceae";"Stemphylium"
"Lasiosphaeriaceae sp.";"0";"0";"0";"0";"0";"0";"0";"0";"0";"0";"0";"0";"0";"0";"0";"0";"0";"0";"0";"0";"0";"0";"2";"0";"0";"0";"0";"0";"0";"0";"0";"0";"0";"0";"0";"0";"0";"0";"0";"0";"0";"0";"0";"0";"0";"0";"0";"0";"0";"0";"0";"0";"0";"0";"0";"0";"0";"0";"0";"0";"0";"0";"0";"0";"0";"0";"0";"0";"0";"0";"0";"0";"0";"0";"0";"0";"0";"0";"0";"0";"0";"0";"0";"0";"0";"0";"0";"0";"0";"0";"0";"0";"0";"0";"0";"0";"0";"0";"0";"0";"0";"8";"0";"0";"0";"0";"0";"0";"0";"0";"0";"0";"0";"0";"0";"0";"0";"0";"0";"0";"0";"0";"0";"0";"0";"0";"0";"0";"0";"0";"0";"0";"0";"0";"0";"0";"0";"0";"0";"0";"0";"0";"0";"0";"0";"0";"0";"0";"0";"0";"0";"0";"10";"Fungi";"Ascomycota";"Sordariomycetes";"Sordariales";"Lasiosphaeriaceae";"NOCLASS"
"Pleosporales sp. STAF226";"0";"0";"0";"0";"0";"0";"0";"0";"0";"0";"0";"0";"0";"0";"0";"0";"0";"0";"0";"0";"0";"0";"0";"0";"0";"0";"0";"0";"0";"0";"0";"0";"0";"0";"0";"0";"0";"0";"0";"0";"0";"0";"0";"0";"0";"0";"0";"0";"0";"0";"0";"0";"0";"0";"0";"0";"0";"0";"0";"0";"0";"0";"0";"0";"0";"0";"0";"0";"0";"0";"0";"0";"0";"0";"0";"0";"0";"0";"0";"0";"0";"0";"0";"0";"0";"0";"10";"0";"0";"0";"0";"0";"0";"0";"0";"0";"0";"0";"0";"0";"0";"0";"0";"0";"0";"0";"0";"0";"0";"0";"0";"0";"0";"0";"0";"0";"0";"0";"0";"0";"0";"0";"0";"0";"0";"0";"0";"0";"0";"0";"0";"0";"0";"0";"0";"0";"0";"0";"0";"0";"0";"0";"0";"0";"0";"0";"0";"0";"0";"0";"0";"0";"10";"Fungi";"Ascomycota";"Dothideomycetes";"Pleosporales";"NOID";"NOCLASS"
"Schizothecium carpinicola";"0";"0";"0";"0";"0";"0";"0";"0";"0";"0";"0";"0";"0";"0";"0";"0";"0";"0";"0";"0";"0";"0";"9";"0";"0";"0";"0";"0";"0";"0";"0";"0";"0";"0";"1";"0";"0";"0";"0";"0";"0";"0";"0";"0";"0";"0";"0";"0";"0";"0";"0";"0";"0";"0";"0";"0";"0";"0";"0";"0";"0";"0";"0";"0";"0";"0";"0";"0";"0";"0";"0";"0";"0";"0";"0";"0";"0";"0";"0";"0";"0";"0";"0";"0";"0";"0";"0";"0";"0";"0";"0";"0";"0";"0";"0";"0";"0";"0";"0";"0";"0";"0";"0";"0";"0";"0";"0";"0";"0";"0";"0";"0";"0";"0";"0";"0";"0";"0";"0";"0";"0";"0";"0";"0";"0";"0";"0";"0";"0";"0";"0";"0";"0";"0";"0";"0";"0";"0";"0";"0";"0";"0";"0";"0";"0";"0";"0";"0";"0";"0";"0";"0";"10";"Fungi";"Ascomycota";"Sordariomycetes";"Sordariales";"Lasiosphaeriaceae";"Schizothecium"
"Arthrographis kalrae";"0";"0";"0";"0";"0";"0";"0";"0";"0";"0";"0";"0";"0";"0";"0";"0";"0";"0";"0";"0";"0";"0";"0";"0";"0";"0";"0";"0";"0";"0";"0";"0";"0";"0";"0";"0";"0";"0";"0";"0";"0";"0";"0";"0";"0";"0";"0";"0";"0";"0";"0";"0";"0";"0";"0";"0";"0";"0";"0";"0";"0";"0";"0";"0";"0";"0";"0";"0";"0";"0";"0";"0";"0";"0";"0";"0";"0";"0";"0";"0";"0";"0";"0";"0";"0";"0";"0";"0";"0";"0";"0";"0";"0";"0";"0";"0";"0";"0";"0";"0";"0";"1";"0";"0";"0";"0";"0";"0";"0";"0";"0";"0";"0";"0";"0";"0";"0";"0";"0";"0";"0";"0";"0";"0";"0";"0";"0";"0";"0";"0";"0";"0";"0";"0";"0";"0";"0";"0";"0";"0";"0";"0";"0";"0";"0";"0";"0";"0";"0";"0";"0";"0";"1";"Fungi";"Ascomycota";"Dothideomycetes";"Eremomycetales";"Eremomycetaceae";"Arthrographis"
"Mucorales sp. FL-2015";"0";"0";"0";"0";"0";"0";"0";"0";"0";"1";"0";"0";"0";"0";"0";"0";"0";"0";"0";"0";"0";"0";"0";"0";"0";"0";"0";"0";"0";"0";"0";"0";"0";"0";"0";"0";"0";"0";"0";"0";"0";"0";"0";"0";"0";"0";"0";"0";"0";"0";"0";"0";"0";"0";"0";"0";"0";"0";"0";"0";"0";"0";"0";"0";"0";"0";"0";"0";"0";"0";"0";"0";"0";"0";"0";"0";"0";"0";"0";"0";"0";"0";"0";"0";"0";"0";"0";"0";"0";"0";"0";"0";"0";"0";"0";"0";"0";"0";"0";"0";"0";"0";"0";"0";"0";"0";"0";"0";"0";"0";"0";"0";"0";"0";"0";"0";"0";"0";"0";"0";"0";"0";"0";"0";"0";"0";"0";"0";"0";"0";"0";"0";"0";"0";"0";"0";"0";"0";"0";"0";"0";"0";"0";"0";"0";"0";"0";"0";"0";"0";"0";"0";"1";"Fungi";"Mucoromycota";"Mucoromycetes";"Mucorales";"NOID";"NOCLASS"
"Paraphaeosphaeria sporulosa";"0";"0";"0";"0";"0";"0";"0";"0";"0";"0";"0";"0";"0";"0";"0";"0";"0";"0";"0";"0";"0";"1";"0";"0";"0";"0";"0";"0";"0";"0";"0";"0";"0";"0";"0";"0";"0";"0";"0";"0";"0";"0";"0";"0";"0";"0";"0";"0";"0";"0";"0";"0";"0";"0";"0";"0";"0";"0";"0";"0";"0";"0";"0";"0";"0";"0";"0";"0";"0";"0";"0";"0";"0";"0";"0";"0";"0";"0";"0";"0";"0";"0";"0";"0";"0";"0";"0";"0";"0";"0";"0";"0";"0";"0";"0";"0";"0";"0";"0";"0";"0";"0";"0";"0";"0";"0";"0";"0";"0";"0";"0";"0";"0";"0";"0";"0";"0";"0";"0";"0";"0";"0";"0";"0";"0";"0";"0";"0";"0";"0";"0";"0";"0";"0";"0";"0";"0";"0";"0";"0";"0";"0";"0";"0";"0";"0";"0";"0";"0";"0";"0";"0";"1";"Fungi";"Ascomycota";"Dothideomycetes";"Pleosporales";"Didymosphaeriaceae";"Paraphaeosphaeria"
